$ pnpm build
started: 2026-08-17T18:02:03.707Z  durationMs: 5089  exit: 0


> reputation-key@ build /Users/bozhidardenev/kodes/projects/rep-key
> vite build

vite v8.1.4 building client environment for production...
[2Ktransforming...✓ 3299 modules transformed.
rendering chunks...
computing gzip size...
.output/public/assets/styles-Ca2LypJN.css                                                                                               124.82 kB │ gzip:  20.15 kB
.output/public/assets/root-DLTE-HSj.js                                                                                                    0.03 kB │ gzip:   0.05 kB
.output/public/assets/tenant-cache-transition-Covmahi0.js                                                                                 0.05 kB │ gzip:   0.07 kB
.output/public/assets/useQuery-DoupKSen.js                                                                                                0.10 kB │ gzip:   0.10 kB
.output/public/assets/_token-BlYjKfsC.js                                                                                                  0.12 kB │ gzip:   0.12 kB
.output/public/assets/check-CKHoaOsj.js                                                                                                   0.12 kB │ gzip:   0.14 kB
.output/public/assets/_token-Dr2GEOOT.js                                                                                                  0.12 kB │ gzip:   0.12 kB
.output/public/assets/chevron-right-BdejcgVx.js                                                                                           0.13 kB │ gzip:   0.14 kB
.output/public/assets/useRouteContext-CUgR3Lkn.js                                                                                         0.13 kB │ gzip:   0.12 kB
.output/public/assets/loader-circle-Ddb-IC5H.js                                                                                           0.14 kB │ gzip:   0.15 kB
.output/public/assets/plus-Cc5VfTnt.js                                                                                                    0.15 kB │ gzip:   0.15 kB
.output/public/assets/x-BDzx2MMw.js                                                                                                       0.15 kB │ gzip:   0.15 kB
.output/public/assets/arrow-left-CjKyfntV.js                                                                                              0.16 kB │ gzip:   0.16 kB
.output/public/assets/arrow-right-DicSEPhO.js                                                                                             0.16 kB │ gzip:   0.16 kB
.output/public/assets/clock-EwiyAM9s.js                                                                                                   0.16 kB │ gzip:   0.16 kB
.output/public/assets/status-SOxnqXvV.js                                                                                                  0.17 kB │ gzip:   0.15 kB
.output/public/assets/matchContext-DHL777Kc.js                                                                                            0.18 kB │ gzip:   0.15 kB
.output/public/assets/useSearch-8xSLmmZI.js                                                                                               0.21 kB │ gzip:   0.16 kB
.output/public/assets/target-x9v9-Wab.js                                                                                                  0.22 kB │ gzip:   0.16 kB
.output/public/assets/message-square-CObBOjZ2.js                                                                                          0.23 kB │ gzip:   0.20 kB
.output/public/assets/globe-DkmVWA2V.js                                                                                                   0.24 kB │ gzip:   0.19 kB
.output/public/assets/circle-alert-BEZEd6NF.js                                                                                            0.25 kB │ gzip:   0.18 kB
.output/public/assets/chart-column-B90C0JUb.js                                                                                            0.25 kB │ gzip:   0.19 kB
.output/public/assets/eye-Cj1wAINf.js                                                                                                     0.25 kB │ gzip:   0.20 kB
.output/public/assets/triangle-alert-B1X0JJgq.js                                                                                          0.26 kB │ gzip:   0.21 kB
.output/public/assets/useNavigate-DYgesRvO.js                                                                                             0.26 kB │ gzip:   0.21 kB
.output/public/assets/image-BeIk2-4X.js                                                                                                   0.26 kB │ gzip:   0.22 kB
.output/public/assets/auth.functions-Dc9G5ik3.js                                                                                          0.27 kB │ gzip:   0.22 kB
.output/public/assets/shield-CIVYbNfl.js                                                                                                  0.27 kB │ gzip:   0.22 kB
.output/public/assets/pencil-mAfGhuU-.js                                                                                                  0.27 kB │ gzip:   0.22 kB
.output/public/assets/inbox-9ZS0T1w1.js                                                                                                   0.28 kB │ gzip:   0.23 kB
.output/public/assets/useSuspenseQuery-B2FzZ_GH.js                                                                                        0.28 kB │ gzip:   0.23 kB
.output/public/assets/users-CR1atBz8.js                                                                                                   0.30 kB │ gzip:   0.22 kB
.output/public/assets/user-plus-CGdrx947.js                                                                                               0.31 kB │ gzip:   0.23 kB
.output/public/assets/shield-check-y5N04TlV.js                                                                                            0.32 kB │ gzip:   0.24 kB
.output/public/assets/refresh-cw-BlM7zdB1.js                                                                                              0.32 kB │ gzip:   0.22 kB
.output/public/assets/trash-2-B963xNB4.js                                                                                                 0.32 kB │ gzip:   0.21 kB
.output/public/assets/contact-B9Q-oBss.js                                                                                                 0.33 kB │ gzip:   0.24 kB
.output/public/assets/goals-CCeFoCcC.js                                                                                                   0.33 kB │ gzip:   0.26 kB
.output/public/assets/minus-kj2p-Chz.js                                                                                                   0.33 kB │ gzip:   0.23 kB
.output/public/assets/controlled-route-gate-BdKJNhpv.js                                                                                   0.34 kB │ gzip:   0.28 kB
.output/public/assets/dashboard-7tL95bTx.js                                                                                               0.36 kB │ gzip:   0.28 kB
.output/public/assets/building-2-BTwZF83f.js                                                                                              0.38 kB │ gzip:   0.23 kB
.output/public/assets/usePermissions-D936c3tT.js                                                                                          0.39 kB │ gzip:   0.26 kB
.output/public/assets/-inbox-fns-D0pwMTWn.js                                                                                              0.39 kB │ gzip:   0.27 kB
.output/public/assets/qss-CuvTgpZA.js                                                                                                     0.39 kB │ gzip:   0.26 kB
.output/public/assets/_teamId-i9WBvxUY.js                                                                                                 0.40 kB │ gzip:   0.26 kB
.output/public/assets/search-CtAFP0b-.js                                                                                                  0.43 kB │ gzip:   0.29 kB
.output/public/assets/useServerFn-CoL1AdeB.js                                                                                             0.44 kB │ gzip:   0.30 kB
.output/public/assets/dist-BoCn8pSG.js                                                                                                    0.45 kB │ gzip:   0.32 kB
.output/public/assets/QueryClientProvider-CkKbj3YJ.js                                                                                     0.46 kB │ gzip:   0.31 kB
.output/public/assets/user-round-x-BvSwxcNl.js                                                                                            0.46 kB │ gzip:   0.30 kB
.output/public/assets/star-uP7COToo.js                                                                                                    0.47 kB │ gzip:   0.29 kB
.output/public/assets/settings-CzvrZWgX.js                                                                                                0.48 kB │ gzip:   0.25 kB
.output/public/assets/monitor-B9bjli_j.js                                                                                                 0.49 kB │ gzip:   0.33 kB
.output/public/assets/route-queries-ivCgYhgN.js                                                                                           0.50 kB │ gzip:   0.31 kB
.output/public/assets/scan-line-BmCWJUoY.js                                                                                               0.51 kB │ gzip:   0.31 kB
.output/public/assets/useRouterState-j9CsVN0M.js                                                                                          0.53 kB │ gzip:   0.32 kB
.output/public/assets/dist-CvmsuZ0G.js                                                                                                    0.55 kB │ gzip:   0.36 kB
.output/public/assets/settings-hZGJ1vSp.js                                                                                                0.55 kB │ gzip:   0.36 kB
.output/public/assets/permissions-DKW0-9AL.js                                                                                             0.58 kB │ gzip:   0.36 kB
.output/public/assets/user-round-search-C7OYVTjE.js                                                                                       0.59 kB │ gzip:   0.36 kB
.output/public/assets/redirect-DCb_aIiF.js                                                                                                0.62 kB │ gzip:   0.35 kB
.output/public/assets/sun-q_z-LN9o.js                                                                                                     0.63 kB │ gzip:   0.34 kB
.output/public/assets/dist-DDhAQ9-u.js                                                                                                    0.64 kB │ gzip:   0.39 kB
.output/public/assets/dist-BAsxx0TT.js                                                                                                    0.65 kB │ gzip:   0.44 kB
.output/public/assets/rolldown-runtime-QTnfLwEv.js                                                                                        0.69 kB │ gzip:   0.42 kB
.output/public/assets/inbox-Dq9_yz-Q.js                                                                                                   0.76 kB │ gzip:   0.48 kB
.output/public/assets/timezones-DeMhbrGm.js                                                                                               0.76 kB │ gzip:   0.46 kB
.output/public/assets/team-Bss8Tk3e.js                                                                                                    0.85 kB │ gzip:   0.48 kB
.output/public/assets/preferences-DjBu5CBj.js                                                                                             0.87 kB │ gzip:   0.50 kB
.output/public/assets/dashboard-bOM6sg_3.js                                                                                               0.87 kB │ gzip:   0.53 kB
.output/public/assets/portals-Dauml8NP.js                                                                                                 0.88 kB │ gzip:   0.50 kB
.output/public/assets/_portalId-B8U08GEn.js                                                                                               0.89 kB │ gzip:   0.50 kB
.output/public/assets/new-CurzVhD-.js                                                                                                     0.90 kB │ gzip:   0.50 kB
.output/public/assets/team-CXkJeh4u.js                                                                                                    0.94 kB │ gzip:   0.55 kB
.output/public/assets/reviews-vHyPGy87.js                                                                                                 0.98 kB │ gzip:   0.55 kB
.output/public/assets/useMatch-CLbLyu-v.js                                                                                                0.99 kB │ gzip:   0.50 kB
.output/public/assets/members-BmOA8v6g.js                                                                                                 1.01 kB │ gzip:   0.56 kB
.output/public/assets/accept-invitation-B5BnEC_T.js                                                                                       1.01 kB │ gzip:   0.59 kB
.output/public/assets/unavailable-CkwZc3LU.js                                                                                             1.02 kB │ gzip:   0.56 kB
.output/public/assets/plug-BFN1Kh79.js                                                                                                    1.03 kB │ gzip:   0.47 kB
.output/public/assets/security-CU1CgZeC.js                                                                                                1.17 kB │ gzip:   0.60 kB
.output/public/assets/_propertyId-LhWhprpd.js                                                                                             1.22 kB │ gzip:   0.66 kB
.output/public/assets/createLucideIcon-BrdfGhro.js                                                                                        1.24 kB │ gzip:   0.71 kB
.output/public/assets/circle-x-CAGSV10U.js                                                                                                1.32 kB │ gzip:   0.58 kB
.output/public/assets/_teamId-Cgd5IQoQ.js                                                                                                 1.39 kB │ gzip:   0.71 kB
.output/public/assets/_teamId-CS-0P96F.js                                                                                                 1.40 kB │ gzip:   0.71 kB
.output/public/assets/metrics-B5jpsLrN.js                                                                                                 1.43 kB │ gzip:   0.72 kB
.output/public/assets/dist-BGy8IGGm.js                                                                                                    1.43 kB │ gzip:   0.71 kB
.output/public/assets/_importId-CZsAJsXk.js                                                                                               1.65 kB │ gzip:   0.84 kB
.output/public/assets/profile-CFI7js_c.js                                                                                                 1.66 kB │ gzip:   0.79 kB
.output/public/assets/register-BBjplLBx.js                                                                                                1.70 kB │ gzip:   0.79 kB
.output/public/assets/integrations-BL2QDOBy.js                                                                                            1.72 kB │ gzip:   0.81 kB
.output/public/assets/login-B4r4FlWO.js                                                                                                   1.73 kB │ gzip:   0.86 kB
.output/public/assets/new-D2trrSDD.js                                                                                                     1.75 kB │ gzip:   0.84 kB
.output/public/assets/ai-BB-b5tXR.js                                                                                                      1.76 kB │ gzip:   0.86 kB
.output/public/assets/people-BvNzJ32Q.js                                                                                                  1.79 kB │ gzip:   0.91 kB
.output/public/assets/join-DBGgA6Q-.js                                                                                                    1.80 kB │ gzip:   0.86 kB
.output/public/assets/recognition-DytXt6bq.js                                                                                             1.82 kB │ gzip:   0.82 kB
.output/public/assets/_token-_dLN5O9X.js                                                                                                  1.88 kB │ gzip:   1.01 kB
.output/public/assets/notifications-CGj60cCp.js                                                                                           2.02 kB │ gzip:   0.92 kB
.output/public/assets/dist-CTzIFXFC.js                                                                                                    2.02 kB │ gzip:   0.92 kB
.output/public/assets/dist-CKJLJguH.js                                                                                                    2.03 kB │ gzip:   1.07 kB
.output/public/assets/app-shared~_authenticated~index~reviews~profile~security-Bm_5t1UW.js                                                2.05 kB │ gzip:   1.00 kB
.output/public/assets/import-google-B42_wOrZ.js                                                                                           2.13 kB │ gzip:   1.01 kB
.output/public/assets/dist-6rzQUfFz.js                                                                                                    2.14 kB │ gzip:   0.95 kB
.output/public/assets/preload-helper-Bcr73pQF.js                                                                                          2.20 kB │ gzip:   1.17 kB
.output/public/assets/query-keys-DJoZp16t.js                                                                                              2.35 kB │ gzip:   0.80 kB
.output/public/assets/app-shared~index~progress~_goalId~index~new~people~new~index~_portalId-yi0Wt9yA.js                                  2.50 kB │ gzip:   1.13 kB
.output/public/assets/dist-BRvLrl9c.js                                                                                                    2.51 kB │ gzip:   1.14 kB
.output/public/assets/app-shared~index~_authenticated~notifications~new~_portalId-Ce1tHBX8.js                                             2.52 kB │ gzip:   1.21 kB
.output/public/assets/routes-C0sdNfaZ.js                                                                                                  2.80 kB │ gzip:   1.11 kB
.output/public/assets/dist-tsdsl5n4.js                                                                                                    2.81 kB │ gzip:   1.27 kB
.output/public/assets/app-shared~index~_authenticated~dashboard~index~_propertyId~_goalId~index~new~index~metrics~oupwc0xq-BTshPmhi.js    2.84 kB │ gzip:   1.29 kB
.output/public/assets/dist-4DnkIEci.js                                                                                                    3.07 kB │ gzip:   1.26 kB
.output/public/assets/_teamId-BKFIcE_7.js                                                                                                 3.19 kB │ gzip:   1.30 kB
.output/public/assets/app-shared~index~_authenticated~dashboard~dashboard~home~index~leaderboard~progress~_proper~ejh6gmlj-Cq_dYVLv.js    3.25 kB │ gzip:   1.18 kB
.output/public/assets/progress-DfEGwPQj.js                                                                                                3.26 kB │ gzip:   1.09 kB
.output/public/assets/dist-Cx7GMwI-.js                                                                                                    3.58 kB │ gzip:   1.57 kB
.output/public/assets/reset-password-GP3sXw78.js                                                                                          3.64 kB │ gzip:   1.22 kB
.output/public/assets/dist-BwX5_uUZ.js                                                                                                    3.66 kB │ gzip:   1.61 kB
.output/public/assets/app-shared~index~_authenticated~index~reviews~new~_portalId-C_q8kLiV.js                                             3.75 kB │ gzip:   1.17 kB
.output/public/assets/app-shared~index~dashboard~dashboard~home~index~new~_portalId-DXBMNYZn.js                                           3.93 kB │ gzip:   1.21 kB
.output/public/assets/goals-Em7g_P-5.js                                                                                                   3.99 kB │ gzip:   1.34 kB
.output/public/assets/app-shared~index~index~people~reviews~index~ai~integrations~members~notifications~preferenc~nk4utpk0-CiTZYQ61.js    4.15 kB │ gzip:   1.19 kB
.output/public/assets/members-VuVeRcYy.js                                                                                                 4.22 kB │ gzip:   1.54 kB
.output/public/assets/app-shared~index~dashboard~dashboard~home~index~leaderboard~progress~_goalId~index~new~inde~m4sn8emp-DvYG0hPC.js    4.37 kB │ gzip:   1.31 kB
.output/public/assets/route-Dk-s4jNc.js                                                                                                   4.45 kB │ gzip:   1.33 kB
.output/public/assets/app-shared~index~index~people~_importId~index~members~organization~profile~security~accept-~nkd9rmy5-BkNKEGDz.js    4.47 kB │ gzip:   1.50 kB
.output/public/assets/_portalId-FAavO07z.js                                                                                               4.66 kB │ gzip:   1.94 kB
.output/public/assets/app-shared~index~dashboard~dashboard~_propertyId~people~members~team~team~members~index~_te~ki4t6dvg-BbujuJrg.js    5.05 kB │ gzip:   1.58 kB
.output/public/assets/palette-C7MOCQr8.js                                                                                                 5.37 kB │ gzip:   1.98 kB
.output/public/assets/dist-C4fQX8M9.js                                                                                                    5.39 kB │ gzip:   2.06 kB
.output/public/assets/useMutation-hrCQCldt.js                                                                                             5.66 kB │ gzip:   1.83 kB
.output/public/assets/leaderboard-YS9EqZfy.js                                                                                             5.84 kB │ gzip:   1.51 kB
.output/public/assets/_goalId-DReE1NpV.js                                                                                                 5.97 kB │ gzip:   1.70 kB
.output/public/assets/properties-hzaP6prU.js                                                                                              5.99 kB │ gzip:   1.80 kB
.output/public/assets/new-Ck2Vn4VZ.js                                                                                                     6.22 kB │ gzip:   1.99 kB
.output/public/assets/link-D5SIh5Xv.js                                                                                                    6.57 kB │ gzip:   2.69 kB
.output/public/assets/app-shared~index~_authenticated~dashboard~dashboard~home~index~progress~_goalId~index~index~n2snvo8v-CBrRoFr1.js    6.65 kB │ gzip:   1.93 kB
.output/public/assets/app-shared~index~_authenticated~home~index~progress~_goalId~index~new~index~people~reviews~~cd8zkozn-C3AmpNd3.js    7.75 kB │ gzip:   2.36 kB
.output/public/assets/removable-CJTBKqAd.js                                                                                               7.98 kB │ gzip:   3.12 kB
.output/public/assets/user-r8hHDx9Z.js                                                                                                    8.49 kB │ gzip:   3.23 kB
.output/public/assets/app-shared~index~index~people~_teamId~new~_portalId-C49QbvA3.js                                                     9.50 kB │ gzip:   3.07 kB
.output/public/assets/jsx-dev-runtime-Ce3iXzHl.js                                                                                        10.58 kB │ gzip:   2.39 kB
.output/public/assets/app-shared~index~members~organization~profile~security~accept-invitation~join~login~registe~b3y4ds5l-DGklIx67.js   12.10 kB │ gzip:   3.29 kB
.output/public/assets/home-CA494Tc9.js                                                                                                   12.63 kB │ gzip:   3.16 kB
.output/public/assets/app-shared~index~_authenticated~index~reviews-CTDm8ATd.js                                                          13.48 kB │ gzip:   3.78 kB
.output/public/assets/organization-4g92dRzE.js                                                                                           14.55 kB │ gzip:   3.99 kB
.output/public/assets/app-shared~index~_token~_token~_token~new~_portalId-C8T2TVrD.js                                                    15.63 kB │ gzip:   4.03 kB
.output/public/assets/queryOptions-DAYaHgWC.js                                                                                           17.61 kB │ gzip:   6.07 kB
.output/public/assets/app-shared~index~_authenticated~home~leaderboard~progress~recognition-Dv-YR1cI.js                                  18.10 kB │ gzip:   5.13 kB
.output/public/assets/useStore-Dv8zVRws.js                                                                                               18.37 kB │ gzip:   6.63 kB
.output/public/assets/chevron-up-Dz1E0APS.js                                                                                             18.43 kB │ gzip:   6.47 kB
.output/public/assets/es2015-HoixxaiP.js                                                                                                 20.11 kB │ gzip:   7.29 kB
.output/public/assets/app-shared~index~people~team~members~index~_teamId~_teamId-BbHwjG04.js                                             20.57 kB │ gzip:   5.36 kB
.output/public/assets/portals-DqYaF_2w.js                                                                                                22.24 kB │ gzip:   5.32 kB
.output/public/assets/_authenticated-fhJdeCCe.js                                                                                         26.35 kB │ gzip:   8.71 kB
.output/public/assets/utils-ZORme2lp.js                                                                                                  26.94 kB │ gzip:   8.60 kB
.output/public/assets/dist-Chr1pzKA.js                                                                                                   27.04 kB │ gzip:  10.46 kB
.output/public/assets/_authenticated-C11I5_a5.js                                                                                         27.68 kB │ gzip:   6.11 kB
.output/public/assets/dist-DpuMp_X1.js                                                                                                   32.58 kB │ gzip:   9.14 kB
.output/public/assets/createServerFn-DMLS57Ij.js                                                                                         35.68 kB │ gzip:  11.65 kB
.output/public/assets/domain-B8aSXTOg.js                                                                                                 35.78 kB │ gzip:  11.91 kB
.output/public/assets/app-shared~_authenticated~_importId~index~integrations~members~organization~profile~securit~cv1js2v8-DIK-HWDZ.js   37.13 kB │ gzip:   7.15 kB
.output/public/assets/browser-D79-AY7I.js                                                                                                37.60 kB │ gzip:  14.26 kB
.output/public/assets/_propertyId-CE5UqmNa.js                                                                                            41.43 kB │ gzip:  10.36 kB
.output/public/assets/app-shared~index~index~people~reviews~_importId~index~ai~integrations~notifications~prefere~m27qag27-BFgBX0zU.js   43.61 kB │ gzip:   9.60 kB
.output/public/assets/vendor-dnd-D3UBpxFF.js                                                                                             44.31 kB │ gzip:  14.53 kB
.output/public/assets/useForm-DFcvmPIV.js                                                                                                63.38 kB │ gzip:  15.56 kB
.output/public/assets/app-shared~index~_importId~index~integrations-C0BsdKF3.js                                                          66.33 kB │ gzip:  16.08 kB
.output/public/assets/schemas-IL6dhruc.js                                                                                                68.74 kB │ gzip:  18.45 kB
.output/public/assets/app-shared~index~index~reviews-DdUGcuX-.js                                                                         84.58 kB │ gzip:  17.91 kB
.output/public/assets/app-shared~index~home~new~_portalId-BiNlZRwy.js                                                                    91.70 kB │ gzip:  21.34 kB
.output/public/assets/vendor-charts-C1OD-MnJ.js                                                                                         427.68 kB │ gzip: 125.95 kB
.output/public/assets/index-CY87gWfB.js                                                                                                 586.33 kB │ gzip: 173.71 kB

✓ built in 1.60s
vite v8.1.4 building ssr environment for production...
[2Ktransforming...✓ 1965 modules transformed.
rendering chunks...
computing gzip size...
node_modules/.nitro/vite/services/ssr/assets/styles-Ca2LypJN.css                               124.82 kB │ gzip:  20.15 kB
node_modules/.nitro/vite/services/ssr/assets/domain-2M1QgaRE.js                                  0.08 kB │ gzip:   0.09 kB
node_modules/.nitro/vite/services/ssr/assets/kysely-adapter-B5YWyO6q.js                          0.13 kB │ gzip:   0.10 kB
node_modules/.nitro/vite/services/ssr/assets/utils-C_uf36nf.js                                   0.18 kB │ gzip:   0.15 kB
node_modules/.nitro/vite/services/ssr/assets/_token-BeoofGJn.js                                  0.22 kB │ gzip:   0.16 kB
node_modules/.nitro/vite/services/ssr/assets/tenant-cache-transition-0SH2l_Hr.js                 0.23 kB │ gzip:   0.16 kB
node_modules/.nitro/vite/services/ssr/assets/core-Byt3-Uu4.js                                    0.23 kB │ gzip:   0.17 kB
node_modules/.nitro/vite/services/ssr/assets/_token-Cn-KHtYN.js                                  0.24 kB │ gzip:   0.16 kB
node_modules/.nitro/vite/services/ssr/assets/empty-plugin-adapters-Dm5oI3Gf.js                   0.30 kB │ gzip:   0.20 kB
node_modules/.nitro/vite/services/ssr/assets/errors-Bq--YW6Y.js                                  0.31 kB │ gzip:   0.21 kB
node_modules/.nitro/vite/services/ssr/assets/profile-CV0Rxu29.js                                 0.38 kB │ gzip:   0.23 kB
node_modules/.nitro/vite/services/ssr/assets/hash-ip.server-Cu4EVPVD.js                          0.39 kB │ gzip:   0.30 kB
node_modules/.nitro/vite/services/ssr/assets/google-performance-report-contract-DJCOFRjo.js      0.43 kB │ gzip:   0.25 kB
node_modules/.nitro/vite/services/ssr/assets/integrations-0171RIcS.js                            0.46 kB │ gzip:   0.28 kB
node_modules/.nitro/vite/services/ssr/assets/createServerRpc-C9YunYdp.js                         0.46 kB │ gzip:   0.30 kB
node_modules/.nitro/vite/services/ssr/assets/pii-B_6Q5sON.js                                     0.47 kB │ gzip:   0.33 kB
node_modules/.nitro/vite/services/ssr/assets/join-CeYkNKsa.js                                    0.49 kB │ gzip:   0.31 kB
node_modules/.nitro/vite/services/ssr/assets/login-CY4kGO-2.js                                   0.49 kB │ gzip:   0.31 kB
node_modules/.nitro/vite/services/ssr/assets/notification-policy-BBe4gbqw.js                     0.51 kB │ gzip:   0.27 kB
node_modules/.nitro/vite/services/ssr/assets/reset-password-2Pxr1-LY.js                          0.52 kB │ gzip:   0.29 kB
node_modules/.nitro/vite/services/ssr/assets/organizations.errors.server-SAcVElSV.js             0.53 kB │ gzip:   0.30 kB
node_modules/.nitro/vite/services/ssr/assets/goals-Db5qIrqw.js                                   0.53 kB │ gzip:   0.32 kB
node_modules/.nitro/vite/services/ssr/assets/skeleton-BZaKR9K1.js                                0.55 kB │ gzip:   0.36 kB
node_modules/.nitro/vite/services/ssr/assets/dashboard-DXdLuAxO.js                               0.59 kB │ gzip:   0.35 kB
node_modules/.nitro/vite/services/ssr/assets/timezones-DU8gdeRy.js                               0.60 kB │ gzip:   0.39 kB
node_modules/.nitro/vite/services/ssr/assets/auth-context-BQZQHCWn.js                            0.60 kB │ gzip:   0.35 kB
node_modules/.nitro/vite/services/ssr/assets/createSsrRpc-Bfo-3CQs.js                            0.60 kB │ gzip:   0.37 kB
node_modules/.nitro/vite/services/ssr/assets/google-performance.dto-DN-KlRPL.js                  0.60 kB │ gzip:   0.32 kB
node_modules/.nitro/vite/services/ssr/assets/metrics-CqFd3Wuf.js                                 0.61 kB │ gzip:   0.36 kB
node_modules/.nitro/vite/services/ssr/assets/rolldown-runtime-Bl3dcgcQ.js                        0.63 kB │ gzip:   0.38 kB
node_modules/.nitro/vite/services/ssr/assets/staff-empty-state-RaGHb5qg.js                       0.64 kB │ gzip:   0.39 kB
node_modules/.nitro/vite/services/ssr/assets/auth.functions-eFZa5KfM.js                          0.66 kB │ gzip:   0.41 kB
node_modules/.nitro/vite/services/ssr/assets/usePermissions-DxcqEqNf.js                          0.67 kB │ gzip:   0.36 kB
node_modules/.nitro/vite/services/ssr/assets/badge.dto-mBhzTb-a.js                               0.68 kB │ gzip:   0.33 kB
node_modules/.nitro/vite/services/ssr/assets/organizations.shared-CPwJ-2WO.js                    0.68 kB │ gzip:   0.39 kB
node_modules/.nitro/vite/services/ssr/assets/update-portal-group.dto-DIioHFZU.js                 0.68 kB │ gzip:   0.28 kB
node_modules/.nitro/vite/services/ssr/assets/string-6fIunP1r.js                                  0.69 kB │ gzip:   0.42 kB
node_modules/.nitro/vite/services/ssr/assets/inbox-WbHiCUKR.js                                   0.70 kB │ gzip:   0.41 kB
node_modules/.nitro/vite/services/ssr/assets/property-shared-CmF1v92Y.js                         0.71 kB │ gzip:   0.35 kB
node_modules/.nitro/vite/services/ssr/assets/settings-oPQDnBTY.js                                0.72 kB │ gzip:   0.40 kB
node_modules/.nitro/vite/services/ssr/assets/assert-property-access-BHHYpCoR.js                  0.74 kB │ gzip:   0.40 kB
node_modules/.nitro/vite/services/ssr/assets/portal-link-category.dto-BYKBhYwW.js                0.74 kB │ gzip:   0.31 kB
node_modules/.nitro/vite/services/ssr/assets/notifications-_8JImEVS.js                           0.75 kB │ gzip:   0.33 kB
node_modules/.nitro/vite/services/ssr/assets/status-oEiBvyMd.js                                  0.76 kB │ gzip:   0.47 kB
node_modules/.nitro/vite/services/ssr/assets/label-DnvnFm4b.js                                   0.77 kB │ gzip:   0.47 kB
node_modules/.nitro/vite/services/ssr/assets/useServerFn-M9X6CYod.js                             0.77 kB │ gzip:   0.44 kB
node_modules/.nitro/vite/services/ssr/assets/_teamId-CgQmgDx3.js                                 0.78 kB │ gzip:   0.37 kB
node_modules/.nitro/vite/services/ssr/assets/update-team.dto-45MJOCBh.js                         0.78 kB │ gzip:   0.32 kB
node_modules/.nitro/vite/services/ssr/assets/reviews-ZElDEboE.js                                 0.83 kB │ gzip:   0.45 kB
node_modules/.nitro/vite/services/ssr/assets/dashboard.dto-C8BQvc9n.js                           0.83 kB │ gzip:   0.37 kB
node_modules/.nitro/vite/services/ssr/assets/textarea-Ba5Ms2Dt.js                                0.87 kB │ gzip:   0.52 kB
node_modules/.nitro/vite/services/ssr/assets/public-api-Bol3-J2-.js                              0.88 kB │ gzip:   0.35 kB
node_modules/.nitro/vite/services/ssr/assets/_propertyId-ClbCuVDn.js                             0.97 kB │ gzip:   0.51 kB
node_modules/.nitro/vite/services/ssr/assets/portal-link.dto-4H_8Rw3r.js                         0.99 kB │ gzip:   0.35 kB
node_modules/.nitro/vite/services/ssr/assets/controlled-route-check-DPHNhhoN.js                  1.04 kB │ gzip:   0.49 kB
node_modules/.nitro/vite/services/ssr/assets/page-shell-CGtUk9Do.js                              1.04 kB │ gzip:   0.65 kB
node_modules/.nitro/vite/services/ssr/assets/dashboard-CUNaTiiP.js                               1.06 kB │ gzip:   0.59 kB
node_modules/.nitro/vite/services/ssr/assets/team-BcQ6igYl.js                                    1.06 kB │ gzip:   0.50 kB
node_modules/.nitro/vite/services/ssr/assets/preferences-CNHcCZ5x.js                             1.09 kB │ gzip:   0.50 kB
node_modules/.nitro/vite/services/ssr/assets/badges-CdwZlO1d.js                                  1.09 kB │ gzip:   0.50 kB
node_modules/.nitro/vite/services/ssr/assets/auth-settings-o14x-sh3.js                           1.11 kB │ gzip:   0.54 kB
node_modules/.nitro/vite/services/ssr/assets/kysely-migration-tables-JkVUjPF_-C548Smk5.js        1.11 kB │ gzip:   0.61 kB
node_modules/.nitro/vite/services/ssr/assets/portals-Dp5pvLJR.js                                 1.13 kB │ gzip:   0.53 kB
node_modules/.nitro/vite/services/ssr/assets/_portalId-D5PyPGO6.js                               1.14 kB │ gzip:   0.53 kB
node_modules/.nitro/vite/services/ssr/assets/new-B74RBS7u.js                                     1.14 kB │ gzip:   0.53 kB
node_modules/.nitro/vite/services/ssr/assets/update-property.dto-CD0tnN6D.js                     1.15 kB │ gzip:   0.46 kB
node_modules/.nitro/vite/services/ssr/assets/leaderboard-DdA0nmzu.js                             1.15 kB │ gzip:   0.54 kB
node_modules/.nitro/vite/services/ssr/assets/input-yJtH5sxJ.js                                   1.16 kB │ gzip:   0.63 kB
node_modules/.nitro/vite/services/ssr/assets/traced-server-fn-DDDTlYOj.js                        1.17 kB │ gzip:   0.59 kB
node_modules/.nitro/vite/services/ssr/assets/new-YOdmApSA.js                                     1.17 kB │ gzip:   0.53 kB
node_modules/.nitro/vite/services/ssr/assets/contracts-DzkinvK2.js                               1.17 kB │ gzip:   0.49 kB
node_modules/.nitro/vite/services/ssr/assets/error-helpers-DKeqM3M0.js                           1.19 kB │ gzip:   0.62 kB
node_modules/.nitro/vite/services/ssr/assets/controlled-route-gate-BAbw7zQR.js                   1.19 kB │ gzip:   0.61 kB
node_modules/.nitro/vite/services/ssr/assets/inbox-BAfkg90Q.js                                   1.19 kB │ gzip:   0.59 kB
node_modules/.nitro/vite/services/ssr/assets/_goalId-C_TgDdhH.js                                 1.21 kB │ gzip:   0.57 kB
node_modules/.nitro/vite/services/ssr/assets/leaderboards-IDCuzjPH.js                            1.27 kB │ gzip:   0.52 kB
node_modules/.nitro/vite/services/ssr/assets/property-scope-B-TJ1AxX.js                          1.27 kB │ gzip:   0.45 kB
node_modules/.nitro/vite/services/ssr/assets/goals-D5yFMIwC.js                                   1.28 kB │ gzip:   0.61 kB
node_modules/.nitro/vite/services/ssr/assets/unavailable-aF2C_L1g.js                             1.29 kB │ gzip:   0.60 kB
node_modules/.nitro/vite/services/ssr/assets/update-portal.dto-BuitBvni.js                       1.29 kB │ gzip:   0.45 kB
node_modules/.nitro/vite/services/ssr/assets/accept-invitation-DOWhN4mY.js                       1.32 kB │ gzip:   0.61 kB
node_modules/.nitro/vite/services/ssr/assets/security-ClMEOrjN.js                                1.34 kB │ gzip:   0.60 kB
node_modules/.nitro/vite/services/ssr/assets/leaderboard.dto-DKMy0vwC.js                         1.34 kB │ gzip:   0.54 kB
node_modules/.nitro/vite/services/ssr/assets/empty-state-CD-4pUpz.js                             1.38 kB │ gzip:   0.53 kB
node_modules/.nitro/vite/services/ssr/assets/team-BNNl9o6S.js                                    1.41 kB │ gzip:   0.64 kB
node_modules/.nitro/vite/services/ssr/assets/accept-invitation-CWa-u5g8.js                       1.41 kB │ gzip:   0.66 kB
node_modules/.nitro/vite/services/ssr/assets/form-error-banner-AUo2Kt2Q.js                       1.42 kB │ gzip:   0.61 kB
node_modules/.nitro/vite/services/ssr/assets/recognition-CUzg0gC_.js                             1.43 kB │ gzip:   0.65 kB
node_modules/.nitro/vite/services/ssr/assets/dashboard-BL99Mdf-.js                               1.45 kB │ gzip:   0.62 kB
node_modules/.nitro/vite/services/ssr/assets/google-connections-BNF0lkXH.js                      1.46 kB │ gzip:   0.66 kB
node_modules/.nitro/vite/services/ssr/assets/members-CVYtbwyv.js                                 1.47 kB │ gzip:   0.65 kB
node_modules/.nitro/vite/services/ssr/assets/progress-C-emkQtz.js                                1.49 kB │ gzip:   0.69 kB
node_modules/.nitro/vite/services/ssr/assets/organization-BXkLIBzc.js                            1.51 kB │ gzip:   0.66 kB
node_modules/.nitro/vite/services/ssr/assets/update-connection-visibility.dto-BGWYe_bI.js        1.54 kB │ gzip:   0.63 kB
node_modules/.nitro/vite/services/ssr/assets/checkbox-BJWqiCOY.js                                1.55 kB │ gzip:   0.70 kB
node_modules/.nitro/vite/services/ssr/assets/reviews-nEf-UHB8.js                                 1.58 kB │ gzip:   0.70 kB
node_modules/.nitro/vite/services/ssr/assets/form-textarea-CiRATftO.js                           1.61 kB │ gzip:   0.71 kB
node_modules/.nitro/vite/services/ssr/assets/reply-read-DXJNuvpd.js                              1.62 kB │ gzip:   0.74 kB
node_modules/.nitro/vite/services/ssr/assets/staff-goals-D-RqPlxa.js                             1.64 kB │ gzip:   0.75 kB
node_modules/.nitro/vite/services/ssr/assets/staff-portals-DmdPh2-K.js                           1.68 kB │ gzip:   0.75 kB
node_modules/.nitro/vite/services/ssr/assets/property-trend-C0nASoYj.js                          1.69 kB │ gzip:   0.75 kB
node_modules/.nitro/vite/services/ssr/assets/_propertyId-WHSFMYER.js                             1.70 kB │ gzip:   0.73 kB
node_modules/.nitro/vite/services/ssr/assets/import-google-CvHOa-VL.js                           1.72 kB │ gzip:   0.76 kB
node_modules/.nitro/vite/services/ssr/assets/members-zh6qO6-K.js                                 1.73 kB │ gzip:   0.73 kB
node_modules/.nitro/vite/services/ssr/assets/middleware-CtfVfbSy.js                              1.73 kB │ gzip:   0.75 kB
node_modules/.nitro/vite/services/ssr/assets/_importId-CqYFt1dd.js                               1.75 kB │ gzip:   0.72 kB
node_modules/.nitro/vite/services/ssr/assets/popover-B3Jx08Gp.js                                 1.76 kB │ gzip:   0.67 kB
node_modules/.nitro/vite/services/ssr/assets/staff-recent-activity-Ds_BNN59.js                   1.78 kB │ gzip:   0.77 kB
node_modules/.nitro/vite/services/ssr/assets/badge-C_u102UO.js                                   1.79 kB │ gzip:   0.84 kB
node_modules/.nitro/vite/services/ssr/assets/team-BduFaZC_.js                                    1.81 kB │ gzip:   0.80 kB
node_modules/.nitro/vite/services/ssr/assets/alert-ITJWj2T1.js                                   1.82 kB │ gzip:   0.75 kB
node_modules/.nitro/vite/services/ssr/assets/client-ip-AAGY9K6u.js                               1.85 kB │ gzip:   0.86 kB
node_modules/.nitro/vite/services/ssr/assets/use-action-jEOPgTrQ.js                              1.87 kB │ gzip:   0.83 kB
node_modules/.nitro/vite/services/ssr/assets/new-B03gTfIR.js                                     1.88 kB │ gzip:   0.82 kB
node_modules/.nitro/vite/services/ssr/assets/_teamId-JANH-QAk.js                                 1.93 kB │ gzip:   0.79 kB
node_modules/.nitro/vite/services/ssr/assets/use-action-mutation-EHuyFNG-.js                     1.94 kB │ gzip:   0.93 kB
node_modules/.nitro/vite/services/ssr/assets/trace-FvJOnjuO.js                                   1.97 kB │ gzip:   0.76 kB
node_modules/.nitro/vite/services/ssr/assets/metrics-BXMaQR5K.js                                 1.97 kB │ gzip:   0.84 kB
node_modules/.nitro/vite/services/ssr/assets/google-auth-url-CGiIcSZ5.js                         2.01 kB │ gzip:   0.89 kB
node_modules/.nitro/vite/services/ssr/assets/route-queries-CSfN2O-O.js                           2.09 kB │ gzip:   0.86 kB
node_modules/.nitro/vite/services/ssr/assets/portal-groups-DyLR0nFR.js                           2.09 kB │ gzip:   0.78 kB
node_modules/.nitro/vite/services/ssr/assets/profile-Cvu2I80S.js                                 2.11 kB │ gzip:   0.82 kB
node_modules/.nitro/vite/services/ssr/assets/sqlite-adapter-EMgr8Uqc.js                          2.12 kB │ gzip:   0.83 kB
node_modules/.nitro/vite/services/ssr/assets/auth.functions-DrykT63t.js                          2.14 kB │ gzip:   0.84 kB
node_modules/.nitro/vite/services/ssr/assets/integrations-Csenq-Dv.js                            2.17 kB │ gzip:   0.85 kB
node_modules/.nitro/vite/services/ssr/assets/gbp-import-CUKvZKKl.js                              2.17 kB │ gzip:   0.77 kB
node_modules/.nitro/vite/services/ssr/assets/register-DwI0Cdcr.js                                2.23 kB │ gzip:   0.86 kB
node_modules/.nitro/vite/services/ssr/assets/login-Wgn66aAP.js                                   2.23 kB │ gzip:   0.94 kB
node_modules/.nitro/vite/services/ssr/assets/_teamId-CihL5ZVx.js                                 2.27 kB │ gzip:   0.89 kB
node_modules/.nitro/vite/services/ssr/assets/theme-toggle-CvahcncX.js                            2.28 kB │ gzip:   0.98 kB
node_modules/.nitro/vite/services/ssr/assets/-inbox-fns-DdwiqBXy.js                              2.30 kB │ gzip:   0.93 kB
node_modules/.nitro/vite/services/ssr/assets/recognition-gHXNn4Wj.js                             2.30 kB │ gzip:   0.86 kB
node_modules/.nitro/vite/services/ssr/assets/portal-analytics-BqzWXyZu.js                        2.31 kB │ gzip:   0.94 kB
node_modules/.nitro/vite/services/ssr/assets/join-BPlhxxF0.js                                    2.32 kB │ gzip:   0.92 kB
node_modules/.nitro/vite/services/ssr/assets/button-DZ9K_bUe.js                                  2.35 kB │ gzip:   1.00 kB
node_modules/.nitro/vite/services/ssr/assets/invitation.dto-_qmDvh_U.js                          2.38 kB │ gzip:   0.73 kB
node_modules/.nitro/vite/services/ssr/assets/page-states-1_9ghcx_.js                             2.40 kB │ gzip:   0.89 kB
node_modules/.nitro/vite/services/ssr/assets/new-eq_eRYJ-.js                                     2.41 kB │ gzip:   0.96 kB
node_modules/.nitro/vite/services/ssr/assets/form-text-field-BI1RPxkT.js                         2.42 kB │ gzip:   0.90 kB
node_modules/.nitro/vite/services/ssr/assets/ai-C0hzQpdd.js                                      2.43 kB │ gzip:   0.96 kB
node_modules/.nitro/vite/services/ssr/assets/reply-read-DhuC4IHY.js                              2.45 kB │ gzip:   1.07 kB
node_modules/.nitro/vite/services/ssr/assets/permissions-CLo8oEI7.js                             2.49 kB │ gzip:   1.07 kB
node_modules/.nitro/vite/services/ssr/assets/organizations.update-Ci39gHCk.js                    2.51 kB │ gzip:   0.99 kB
node_modules/.nitro/vite/services/ssr/assets/staff-dashboard-7wPG5NdX.js                         2.54 kB │ gzip:   1.07 kB
node_modules/.nitro/vite/services/ssr/assets/card-DPTz9zHe.js                                    2.56 kB │ gzip:   0.72 kB
node_modules/.nitro/vite/services/ssr/assets/dashboard-ZKu2NtQe.js                               2.64 kB │ gzip:   1.09 kB
node_modules/.nitro/vite/services/ssr/assets/_propertyId-BYuW57sf.js                             2.65 kB │ gzip:   1.00 kB
node_modules/.nitro/vite/services/ssr/assets/inbox.dto-CcvZ8-WD.js                               2.67 kB │ gzip:   0.89 kB
node_modules/.nitro/vite/services/ssr/assets/attention-signals-CksgH9mS.js                       2.68 kB │ gzip:   1.07 kB
node_modules/.nitro/vite/services/ssr/assets/governed-goals-DQ2QUsme.js                          2.69 kB │ gzip:   0.96 kB
node_modules/.nitro/vite/services/ssr/assets/reply-suggestion-sWvIghuh.js                        2.73 kB │ gzip:   1.11 kB
node_modules/.nitro/vite/services/ssr/assets/_importId-BIA8N1Aa.js                               2.73 kB │ gzip:   1.04 kB
node_modules/.nitro/vite/services/ssr/assets/properties-B5F2YXe3.js                              2.73 kB │ gzip:   0.88 kB
node_modules/.nitro/vite/services/ssr/assets/inbox-item-queries-R0KgE9k6.js                      2.75 kB │ gzip:   0.89 kB
node_modules/.nitro/vite/services/ssr/assets/portals-Cy0tLX9I.js                                 2.77 kB │ gzip:   1.04 kB
node_modules/.nitro/vite/services/ssr/assets/inbox-item-actions-CHJCNOJW.js                      2.84 kB │ gzip:   0.94 kB
node_modules/.nitro/vite/services/ssr/assets/table-B_39RX-b.js                                   2.84 kB │ gzip:   0.80 kB
node_modules/.nitro/vite/services/ssr/assets/ai-BNfx0buE.js                                      2.84 kB │ gzip:   1.28 kB
node_modules/.nitro/vite/services/ssr/assets/teams-szSkQWb4.js                                   2.93 kB │ gzip:   1.06 kB
node_modules/.nitro/vite/services/ssr/assets/notifications-NyoCveot.js                           2.94 kB │ gzip:   1.03 kB
node_modules/.nitro/vite/services/ssr/assets/_token-CMD3bwuR.js                                  2.95 kB │ gzip:   1.21 kB
node_modules/.nitro/vite/services/ssr/assets/_teamId-BrVkffNX.js                                 2.97 kB │ gzip:   1.13 kB
node_modules/.nitro/vite/services/ssr/assets/auth-layout-BsuipQ1F.js                             2.98 kB │ gzip:   0.91 kB
node_modules/.nitro/vite/services/ssr/assets/fleet-overview-CfGKNG5m.js                          2.99 kB │ gzip:   1.21 kB
node_modules/.nitro/vite/services/ssr/assets/activity-BRyIjlSy.js                                3.09 kB │ gzip:   1.04 kB
node_modules/.nitro/vite/services/ssr/assets/inbox-CuzsmNKR.js                                   3.12 kB │ gzip:   1.08 kB
node_modules/.nitro/vite/services/ssr/assets/organizations.response-sla-CUAQg_8H.js              3.15 kB │ gzip:   1.13 kB
node_modules/.nitro/vite/services/ssr/assets/roles-CZvb9pIw.js                                   3.17 kB │ gzip:   1.47 kB
node_modules/.nitro/vite/services/ssr/assets/google-performance-ByI8pUUt.js                      3.18 kB │ gzip:   1.02 kB
node_modules/.nitro/vite/services/ssr/assets/people-BUcthUdI.js                                  3.21 kB │ gzip:   1.07 kB
node_modules/.nitro/vite/services/ssr/assets/import-google-BKRwgc3E.js                           3.29 kB │ gzip:   1.23 kB
node_modules/.nitro/vite/services/ssr/assets/reply-CLAfH128.js                                   3.57 kB │ gzip:   1.01 kB
node_modules/.nitro/vite/services/ssr/assets/organizations.members-BoCaLCPV.js                   3.59 kB │ gzip:   0.99 kB
node_modules/.nitro/vite/services/ssr/assets/property-read-CygZEKHL.js                           3.65 kB │ gzip:   1.04 kB
node_modules/.nitro/vite/services/ssr/assets/routes-B2pa4lDL.js                                  3.70 kB │ gzip:   1.23 kB
node_modules/.nitro/vite/services/ssr/assets/field-DzdzWZPv.js                                   3.73 kB │ gzip:   1.22 kB
node_modules/.nitro/vite/services/ssr/assets/tabs-Dm7f2cna.js                                    3.83 kB │ gzip:   1.16 kB
node_modules/.nitro/vite/services/ssr/assets/_portalId-DJwkGBJl.js                               3.88 kB │ gzip:   1.40 kB
node_modules/.nitro/vite/services/ssr/assets/notifications-BO6zMGbF.js                           3.99 kB │ gzip:   1.57 kB
node_modules/.nitro/vite/services/ssr/assets/d1-sqlite-dialect-BLC8LXE6-8e4xscbL.js              4.07 kB │ gzip:   1.53 kB
node_modules/.nitro/vite/services/ssr/assets/_teamId-rGkh3Oc8.js                                 4.12 kB │ gzip:   1.31 kB
node_modules/.nitro/vite/services/ssr/assets/portals-BCGw3gqE.js                                 4.21 kB │ gzip:   1.46 kB
node_modules/.nitro/vite/services/ssr/assets/_token-Cwbi4rN0.js                                  4.30 kB │ gzip:   1.54 kB
node_modules/.nitro/vite/services/ssr/assets/organizations.query-B2MLhOjW.js                     4.35 kB │ gzip:   1.31 kB
node_modules/.nitro/vite/services/ssr/assets/progress-DBi_TlAB.js                                4.51 kB │ gzip:   1.28 kB
node_modules/.nitro/vite/services/ssr/assets/organizations.invitations-7FAR3m5O.js               4.51 kB │ gzip:   1.18 kB
node_modules/.nitro/vite/services/ssr/assets/query-keys-VgA8f4_R.js                              4.66 kB │ gzip:   1.13 kB
node_modules/.nitro/vite/services/ssr/assets/google-import-v2.dto-CIZxtqIO.js                    4.73 kB │ gzip:   1.88 kB
node_modules/.nitro/vite/services/ssr/assets/bun-sqlite-dialect-BW9W1_Ps-CFSBCFub.js             4.75 kB │ gzip:   1.71 kB
node_modules/.nitro/vite/services/ssr/assets/node-sqlite-dialect-Dw-wd4Ds.js                     4.75 kB │ gzip:   1.70 kB
node_modules/.nitro/vite/services/ssr/assets/reply-draft-DbtIqe3e.js                             4.80 kB │ gzip:   1.20 kB
node_modules/.nitro/vite/services/ssr/assets/guest-response-CTFoJ2Yi.js                          4.84 kB │ gzip:   1.24 kB
node_modules/.nitro/vite/services/ssr/assets/inbox-status-DyH_5giw.js                            4.86 kB │ gzip:   1.14 kB
node_modules/.nitro/vite/services/ssr/assets/sheet-DOXMa6y1.js                                   4.99 kB │ gzip:   1.28 kB
node_modules/.nitro/vite/services/ssr/assets/leaderboards-BX2uTPDs.js                            5.10 kB │ gzip:   1.10 kB
node_modules/.nitro/vite/services/ssr/assets/auth-settings-Bzf18WBj.js                           5.11 kB │ gzip:   1.53 kB
node_modules/.nitro/vite/services/ssr/assets/dialog-DK4lhEFz.js                                  5.21 kB │ gzip:   1.31 kB
node_modules/.nitro/vite/services/ssr/assets/reset-password-DdXRiKy_.js                          5.28 kB │ gzip:   1.40 kB
node_modules/.nitro/vite/services/ssr/assets/google-connections-DiLTU901.js                      5.45 kB │ gzip:   1.34 kB
node_modules/.nitro/vite/services/ssr/assets/alert-dialog-DM0VoRTD.js                            5.64 kB │ gzip:   1.22 kB
node_modules/.nitro/vite/services/ssr/assets/goals-IF2dNXDA.js                                   5.69 kB │ gzip:   1.58 kB
node_modules/.nitro/vite/services/ssr/assets/staff-participations-Cx7NoCbS.js                    5.70 kB │ gzip:   1.51 kB
node_modules/.nitro/vite/services/ssr/assets/inbox-queries-D396Yk1L.js                           5.70 kB │ gzip:   1.51 kB
node_modules/.nitro/vite/services/ssr/assets/portal-link-categories-0F7CbWHE.js                  5.75 kB │ gzip:   1.39 kB
node_modules/.nitro/vite/services/ssr/assets/update-organization-F5QvE4hD.js                     5.78 kB │ gzip:   1.93 kB
node_modules/.nitro/vite/services/ssr/assets/property-dashboard-helpers-zsFJ_Pc1.js              5.82 kB │ gzip:   1.48 kB
node_modules/.nitro/vite/services/ssr/assets/home-BrOuUlvC.js                                    6.01 kB │ gzip:   1.87 kB
node_modules/.nitro/vite/services/ssr/assets/rules-2U4hU84k.js                                   6.18 kB │ gzip:   2.93 kB
node_modules/.nitro/vite/services/ssr/assets/members-SryneQWr.js                                 6.26 kB │ gzip:   1.76 kB
node_modules/.nitro/vite/services/ssr/assets/page-header-DcU1c1S4.js                             6.27 kB │ gzip:   1.47 kB
node_modules/.nitro/vite/services/ssr/assets/governed-goals-Bm1jqICs.js                          6.30 kB │ gzip:   1.69 kB
node_modules/.nitro/vite/services/ssr/assets/badges-CrsoKcy1.js                                  6.34 kB │ gzip:   1.62 kB
node_modules/.nitro/vite/services/ssr/assets/organizations-DgCU7WEC.js                           6.37 kB │ gzip:   1.99 kB
node_modules/.nitro/vite/services/ssr/assets/merchant-ai-92bZkpuz.js                             6.38 kB │ gzip:   1.67 kB
node_modules/.nitro/vite/services/ssr/assets/guest-scans-Cv3X7GIo.js                             6.53 kB │ gzip:   2.10 kB
node_modules/.nitro/vite/services/ssr/assets/portal-links-BcFis-JW.js                            6.61 kB │ gzip:   1.54 kB
node_modules/.nitro/vite/services/ssr/assets/start-bAjGOtPq.js                                   6.65 kB │ gzip:   2.67 kB
node_modules/.nitro/vite/services/ssr/assets/select-BpgcO5eD.js                                  6.95 kB │ gzip:   1.73 kB
node_modules/.nitro/vite/services/ssr/assets/env-impl-eW6tqStn.js                                7.08 kB │ gzip:   2.64 kB
node_modules/.nitro/vite/services/ssr/assets/organizations.registration-pOeVH2j-.js              7.64 kB │ gzip:   2.07 kB
node_modules/.nitro/vite/services/ssr/assets/_portalId-BbGdGH5o.js                               7.80 kB │ gzip:   2.38 kB
node_modules/.nitro/vite/services/ssr/assets/properties-3o4Ktn3k.js                              8.43 kB │ gzip:   2.06 kB
node_modules/.nitro/vite/services/ssr/assets/organizations.upload-BaEzM5zT.js                    8.45 kB │ gzip:   2.05 kB
node_modules/.nitro/vite/services/ssr/assets/new-FwJ1wZ24.js                                     9.01 kB │ gzip:   2.39 kB
node_modules/.nitro/vite/services/ssr/assets/_goalId-gIm5VeFD.js                                 9.17 kB │ gzip:   2.08 kB
node_modules/.nitro/vite/services/ssr/assets/leaderboard-Ds9_My1D.js                             9.27 kB │ gzip:   1.81 kB
node_modules/.nitro/vite/services/ssr/assets/chart-CT3v6V3L.js                                   9.65 kB │ gzip:   2.74 kB
node_modules/.nitro/vite/services/ssr/assets/portal-groups-_H_yUvEQ.js                           9.86 kB │ gzip:   2.08 kB
node_modules/.nitro/vite/services/ssr/assets/gbp-import-vfyCPPAA.js                             10.00 kB │ gzip:   2.01 kB
node_modules/.nitro/vite/services/ssr/assets/logger-yup0n5py.js                                 10.57 kB │ gzip:   3.79 kB
node_modules/.nitro/vite/services/ssr/assets/beta-capabilities-CIe8Ogkt.js                      10.95 kB │ gzip:   3.58 kB
node_modules/.nitro/vite/services/ssr/assets/policy-admin-D_HrQKCS.js                           11.46 kB │ gzip:   2.09 kB
node_modules/.nitro/vite/services/ssr/assets/fleet-overview-DVK60cSF.js                         11.74 kB │ gzip:   2.65 kB
node_modules/.nitro/vite/services/ssr/assets/public-VweZOjc2.js                                 11.75 kB │ gzip:   2.92 kB
node_modules/.nitro/vite/services/ssr/assets/merchant-ai-notice.dto-BIXAW-K0.js                 12.26 kB │ gzip:   4.08 kB
node_modules/.nitro/vite/services/ssr/assets/notifications-CG_cZxYn.js                          12.27 kB │ gzip:   2.63 kB
node_modules/.nitro/vite/services/ssr/assets/teams-62y6eTk2.js                                  13.38 kB │ gzip:   2.87 kB
node_modules/.nitro/vite/services/ssr/assets/execution-policy-CmW0_0FD.js                       14.34 kB │ gzip:   3.93 kB
node_modules/.nitro/vite/services/ssr/assets/portals-BSHlXHrj.js                                14.42 kB │ gzip:   2.94 kB
node_modules/.nitro/vite/services/ssr/assets/dist-BG5MdodX.js                                   14.70 kB │ gzip:   4.16 kB
node_modules/.nitro/vite/services/ssr/assets/image-upload-field-A4dUuJDZ.js                     16.08 kB │ gzip:   3.48 kB
node_modules/.nitro/vite/services/ssr/assets/sidebar-CMjlwuMh.js                                18.88 kB │ gzip:   4.37 kB
node_modules/.nitro/vite/services/ssr/assets/_tanstack-start-manifest_v-m67CFqTW.js             19.03 kB │ gzip:   3.39 kB
node_modules/.nitro/vite/services/ssr/assets/home-BFG8LLaz.js                                   19.85 kB │ gzip:   4.04 kB
node_modules/.nitro/vite/services/ssr/assets/organization-C9sjccvX.js                           22.90 kB │ gzip:   4.80 kB
node_modules/.nitro/vite/services/ssr/assets/headers-2DqxkevF.js                                24.65 kB │ gzip:   7.26 kB
node_modules/.nitro/vite/services/ssr/assets/guest-Cz2bFIre.js                                  24.77 kB │ gzip:   4.94 kB
node_modules/.nitro/vite/services/ssr/assets/_authenticated-B8LQVKv1.js                         29.34 kB │ gzip:   6.65 kB
node_modules/.nitro/vite/services/ssr/assets/server-CPBnYNT8.js                                 29.34 kB │ gzip:   8.00 kB
node_modules/.nitro/vite/services/ssr/assets/team-CnCNjZSl.js                                   31.43 kB │ gzip:   5.87 kB
node_modules/.nitro/vite/services/ssr/assets/auth-client-B1NS_Pd2.js                            35.05 kB │ gzip:   8.78 kB
node_modules/.nitro/vite/services/ssr/assets/portals-bGhDXC-Q.js                                35.58 kB │ gzip:   6.49 kB
node_modules/.nitro/vite/services/ssr/assets/_authenticated-DZJ_VwXO.js                         42.84 kB │ gzip:   6.97 kB
node_modules/.nitro/vite/services/ssr/assets/default-query-compiler-pSRH6P1l.js                 43.29 kB │ gzip:   7.81 kB
node_modules/.nitro/vite/services/ssr/assets/people-DsUk7uzB.js                                 54.22 kB │ gzip:   9.85 kB
node_modules/.nitro/vite/services/ssr/assets/error-codes-q5v_ub-J.js                            54.97 kB │ gzip:  15.00 kB
node_modules/.nitro/vite/services/ssr/assets/identity-CG7eMvnq.js                               59.46 kB │ gzip:   9.29 kB
node_modules/.nitro/vite/services/ssr/assets/router-UamlKzLQ.js                                 61.52 kB │ gzip:  14.85 kB
node_modules/.nitro/vite/services/ssr/assets/_propertyId-Dt4J0zqJ.js                            66.65 kB │ gzip:  13.19 kB
node_modules/.nitro/vite/services/ssr/assets/settings-T1fwNBLM.js                               67.02 kB │ gzip:  11.48 kB
node_modules/.nitro/vite/services/ssr/assets/google-import-manager-C_X2qfcs.js                 109.36 kB │ gzip:  19.79 kB
node_modules/.nitro/vite/services/ssr/assets/inbox-page-v2-BSs329jc.js                         142.00 kB │ gzip:  25.07 kB
node_modules/.nitro/vite/services/ssr/assets/portal-CVdPknYh.js                                155.48 kB │ gzip:  28.08 kB
node_modules/.nitro/vite/services/ssr/index.js                                                 190.77 kB │ gzip:  50.46 kB
node_modules/.nitro/vite/services/ssr/assets/dist-DS5JjYXu.js                                  191.00 kB │ gzip:  32.43 kB
node_modules/.nitro/vite/services/ssr/assets/compiled-query-CeyQ0xKn.js                        233.53 kB │ gzip:  38.07 kB
node_modules/.nitro/vite/services/ssr/assets/factory-BugH9Ue7.js                               360.78 kB │ gzip:  61.45 kB
node_modules/.nitro/vite/services/ssr/assets/auth-BOzMi4cD.js                                  736.11 kB │ gzip: 153.68 kB
node_modules/.nitro/vite/services/ssr/assets/composition-CS1yDRaw.js                         2,429.28 kB │ gzip: 479.72 kB

✓ built in 1.20s
[start] [nitro] Building [Nitro] (preset: `node-server`, compatibility: `2026-08-17`)
[success] [nitro] Generated public .output/public
vite v8.1.4 building nitro environment for production...
[2Ktransforming...✓ 5953 modules transformed.
[info] Tracing dependencies:
- `msgpackr-extract` (3.0.4)
- `tslib` (2.8.1)
- `node-gyp-build-optional-packages` (5.2.2)
- `detect-libc` (2.1.2)
- `@msgpackr-extract/msgpackr-extract-darwin-arm64` (3.0.4)
- `@msgpackr-extract/msgpackr-extract-darwin-x64` (3.0.4)
- `@msgpackr-extract/msgpackr-extract-linux-arm` (3.0.4)
- `@msgpackr-extract/msgpackr-extract-linux-arm64` (3.0.4)
- `@msgpackr-extract/msgpackr-extract-linux-x64` (3.0.4)
- `@msgpackr-extract/msgpackr-extract-win32-x64` (3.0.4)
[success] Traced 10 dependencies (14 files) in 47ms.
[info] Ensure your production environment matches the builder OS and architecture (`darwin-arm64`) to avoid native module issues.
rendering chunks...
computing gzip size...
.output/server/_ssr/domain-2M1QgaRE.mjs                                       0.04 kB │ gzip:   0.06 kB
.output/server/_ssr/kysely-adapter-B5YWyO6q.mjs                               0.13 kB │ gzip:   0.10 kB
.output/server/_libs/radix-ui__number.mjs                                     0.21 kB │ gzip:   0.17 kB
.output/server/_ssr/empty-plugin-adapters-Dm5oI3Gf.mjs                        0.23 kB │ gzip:   0.16 kB
.output/server/_chunks/render_resend.mjs                                      0.23 kB │ gzip:   0.17 kB
.output/server/_chunks/core.mjs                                               0.23 kB │ gzip:   0.17 kB
.output/server/_ssr/core-Byt3-Uu4.mjs                                         0.23 kB │ gzip:   0.19 kB
.output/server/_token-BeoofGJn.mjs                                            0.25 kB │ gzip:   0.18 kB
.output/server/_token-Cn-KHtYN.mjs                                            0.25 kB │ gzip:   0.19 kB
.output/server/_ssr/tenant-cache-transition-0SH2l_Hr.mjs                      0.27 kB │ gzip:   0.19 kB
.output/server/_ssr/utils-C_uf36nf.mjs                                        0.29 kB │ gzip:   0.21 kB
.output/server/_ssr/errors-Bq--YW6Y.mjs                                       0.34 kB │ gzip:   0.24 kB
.output/server/_ssr/createServerRpc-C9YunYdp.mjs                              0.38 kB │ gzip:   0.26 kB
.output/server/_ssr/hash-ip.server-Cu4EVPVD.mjs                               0.42 kB │ gzip:   0.32 kB
.output/server/_libs/radix-ui__primitive.mjs                                  0.42 kB │ gzip:   0.23 kB
.output/server/_ssr/profile-CV0Rxu29.mjs                                      0.42 kB │ gzip:   0.28 kB
.output/server/_chunks/pii.mjs                                                0.45 kB │ gzip:   0.31 kB
.output/server/_ssr/google-performance-report-contract-DJCOFRjo.mjs           0.47 kB │ gzip:   0.28 kB
.output/server/_ssr/integrations-0171RIcS.mjs                                 0.48 kB │ gzip:   0.29 kB
.output/server/_ssr/createSsrRpc-Bfo-3CQs.mjs                                 0.52 kB │ gzip:   0.33 kB
.output/server/_ssr/notification-policy-BBe4gbqw.mjs                          0.53 kB │ gzip:   0.30 kB
.output/server/_ssr/organizations.errors.server-SAcVElSV.mjs                  0.55 kB │ gzip:   0.33 kB
.output/server/_ssr/string-6fIunP1r.mjs                                       0.56 kB │ gzip:   0.35 kB
.output/server/_ssr/join-CeYkNKsa.mjs                                         0.57 kB │ gzip:   0.37 kB
.output/server/_ssr/login-CY4kGO-2.mjs                                        0.57 kB │ gzip:   0.37 kB
.output/server/_ssr/timezones-DU8gdeRy.mjs                                    0.63 kB │ gzip:   0.42 kB
.output/server/_ssr/auth-context-BQZQHCWn.mjs                                 0.63 kB │ gzip:   0.37 kB
.output/server/_ssr/reset-password-2Pxr1-LY.mjs                               0.64 kB │ gzip:   0.36 kB
.output/server/_ssr/goals-Db5qIrqw.mjs                                        0.64 kB │ gzip:   0.40 kB
.output/server/_ssr/metrics-CqFd3Wuf.mjs                                      0.65 kB │ gzip:   0.41 kB
.output/server/_ssr/pii-B_6Q5sON.mjs                                          0.67 kB │ gzip:   0.40 kB
.output/server/_ssr/update-portal-group.dto-DIioHFZU.mjs                      0.67 kB │ gzip:   0.33 kB
.output/server/_libs/radix-ui__react-direction.mjs                            0.68 kB │ gzip:   0.37 kB
.output/server/_ssr/rolldown-runtime-Bl3dcgcQ.mjs                             0.68 kB │ gzip:   0.42 kB
.output/server/_ssr/google-performance.dto-DN-KlRPL.mjs                       0.69 kB │ gzip:   0.37 kB
.output/server/_ssr/skeleton-BZaKR9K1.mjs                                     0.69 kB │ gzip:   0.43 kB
.output/server/_ssr/dashboard-DXdLuAxO.mjs                                    0.69 kB │ gzip:   0.42 kB
.output/server/_ssr/auth.functions-eFZa5KfM.mjs                               0.70 kB │ gzip:   0.44 kB
.output/server/_ssr/organizations.shared-CPwJ-2WO.mjs                         0.72 kB │ gzip:   0.42 kB
.output/server/_ssr/usePermissions-DxcqEqNf.mjs                               0.73 kB │ gzip:   0.40 kB
.output/server/_ssr/property-shared-CmF1v92Y.mjs                              0.74 kB │ gzip:   0.38 kB
.output/server/_ssr/assert-property-access-BHHYpCoR.mjs                       0.76 kB │ gzip:   0.42 kB
.output/server/_ssr/inbox-WbHiCUKR.mjs                                        0.76 kB │ gzip:   0.46 kB
.output/server/_ssr/update-team.dto-45MJOCBh.mjs                              0.77 kB │ gzip:   0.37 kB
.output/server/_ssr/notifications-_8JImEVS.mjs                                0.77 kB │ gzip:   0.34 kB
.output/server/_ssr/badge.dto-mBhzTb-a.mjs                                    0.78 kB │ gzip:   0.39 kB
.output/server/_ssr/staff-empty-state-RaGHb5qg.mjs                            0.78 kB │ gzip:   0.45 kB
.output/server/_teamId-CgQmgDx3.mjs                                           0.79 kB │ gzip:   0.38 kB
.output/server/_ssr/status-oEiBvyMd.mjs                                       0.79 kB │ gzip:   0.50 kB
.output/server/_ssr/portal-link-category.dto-BYKBhYwW.mjs                     0.80 kB │ gzip:   0.36 kB
.output/server/_ssr/useServerFn-M9X6CYod.mjs                                  0.83 kB │ gzip:   0.46 kB
.output/server/_libs/react.mjs                                                0.87 kB │ gzip:   0.42 kB
.output/server/_chunks/ssr-renderer.mjs                                       0.87 kB │ gzip:   0.46 kB
.output/server/_ssr/reviews-ZElDEboE.mjs                                      0.87 kB │ gzip:   0.50 kB
.output/server/_ssr/settings-oPQDnBTY.mjs                                     0.89 kB │ gzip:   0.48 kB
.output/server/_ssr/dashboard.dto-C8BQvc9n.mjs                                0.90 kB │ gzip:   0.43 kB
.output/server/_ssr/public-api-Bol3-J2-.mjs                                   0.91 kB │ gzip:   0.37 kB
.output/server/_ssr/label-DnvnFm4b.mjs                                        0.97 kB │ gzip:   0.51 kB
.output/server/_ssr/kysely-migration-tables-JkVUjPF_-C548Smk5.mjs             0.98 kB │ gzip:   0.55 kB
.output/server/_ssr/contracts-DzkinvK2.mjs                                    0.99 kB │ gzip:   0.45 kB
.output/server/_libs/radix-ui__react-label.mjs                                1.02 kB │ gzip:   0.55 kB
.output/server/_ssr/portal-link.dto-4H_8Rw3r.mjs                              1.04 kB │ gzip:   0.40 kB
.output/server/_propertyId-ClbCuVDn.mjs                                       1.04 kB │ gzip:   0.57 kB
.output/server/_ssr/controlled-route-check-DPHNhhoN.mjs                       1.06 kB │ gzip:   0.52 kB
.output/server/_ssr/dashboard-CUNaTiiP.mjs                                    1.07 kB │ gzip:   0.60 kB
.output/server/_libs/radix-ui__react-arrow.mjs                                1.07 kB │ gzip:   0.57 kB
.output/server/_ssr/update-property.dto-CD0tnN6D.mjs                          1.11 kB │ gzip:   0.50 kB
.output/server/_ssr/badges-CdwZlO1d.mjs                                       1.12 kB │ gzip:   0.52 kB
.output/server/_ssr/new-YOdmApSA.mjs                                          1.12 kB │ gzip:   0.57 kB
.output/server/_libs/atomic-sleep.mjs                                         1.15 kB │ gzip:   0.48 kB
.output/server/_ssr/textarea-Ba5Ms2Dt.mjs                                     1.16 kB │ gzip:   0.62 kB
.output/server/_goalId-C_TgDdhH.mjs                                           1.18 kB │ gzip:   0.61 kB
.output/server/_ssr/auth-settings-o14x-sh3.mjs                                1.18 kB │ gzip:   0.59 kB
.output/server/_ssr/page-shell-CGtUk9Do.mjs                                   1.18 kB │ gzip:   0.71 kB
.output/server/_ssr/controlled-route-gate-BAbw7zQR.mjs                        1.19 kB │ gzip:   0.65 kB
.output/server/_libs/hookable.mjs                                             1.19 kB │ gzip:   0.53 kB
.output/server/_ssr/traced-server-fn-DDDTlYOj.mjs                             1.20 kB │ gzip:   0.61 kB
.output/server/_ssr/error-helpers-DKeqM3M0.mjs                                1.22 kB │ gzip:   0.64 kB
.output/server/_ssr/team-BcQ6igYl.mjs                                         1.22 kB │ gzip:   0.57 kB
.output/server/_ssr/update-portal.dto-BuitBvni.mjs                            1.26 kB │ gzip:   0.50 kB
.output/server/_ssr/preferences-CNHcCZ5x.mjs                                  1.26 kB │ gzip:   0.57 kB
.output/server/_ssr/leaderboard-DdA0nmzu.mjs                                  1.26 kB │ gzip:   0.60 kB
.output/server/_ssr/portals-Dp5pvLJR.mjs                                      1.26 kB │ gzip:   0.59 kB
.output/server/_ssr/new-B74RBS7u.mjs                                          1.27 kB │ gzip:   0.59 kB
.output/server/_portalId-D5PyPGO6.mjs                                         1.29 kB │ gzip:   0.60 kB
.output/server/_ssr/goals-D5yFMIwC.mjs                                        1.29 kB │ gzip:   0.66 kB
.output/server/_ssr/leaderboards-IDCuzjPH.mjs                                 1.29 kB │ gzip:   0.54 kB
.output/server/_ssr/property-scope-B-TJ1AxX.mjs                               1.30 kB │ gzip:   0.48 kB
.output/server/_ssr/input-yJtH5sxJ.mjs                                        1.34 kB │ gzip:   0.68 kB
.output/server/_ssr/inbox-BAfkg90Q.mjs                                        1.34 kB │ gzip:   0.66 kB
.output/server/_libs/radix-ui__react-separator.mjs                            1.40 kB │ gzip:   0.66 kB
.output/server/_ssr/leaderboard.dto-DKMy0vwC.mjs                              1.42 kB │ gzip:   0.61 kB
.output/server/_ssr/update-connection-visibility.dto-BGWYe_bI.mjs             1.44 kB │ gzip:   0.67 kB
.output/server/_ssr/accept-invitation-CWa-u5g8.mjs                            1.44 kB │ gzip:   0.71 kB
.output/server/_ssr/accept-invitation-DOWhN4mY.mjs                            1.46 kB │ gzip:   0.67 kB
.output/server/_ssr/organization-BXkLIBzc.mjs                                 1.50 kB │ gzip:   0.66 kB
.output/server/_ssr/unavailable-aF2C_L1g.mjs                                  1.50 kB │ gzip:   0.69 kB
.output/server/_ssr/security-ClMEOrjN.mjs                                     1.52 kB │ gzip:   0.67 kB
.output/server/_ssr/google-connections-BNF0lkXH.mjs                           1.54 kB │ gzip:   0.71 kB
.output/server/_ssr/team-BNNl9o6S.mjs                                         1.54 kB │ gzip:   0.70 kB
.output/server/_ssr/recognition-CUzg0gC_.mjs                                  1.54 kB │ gzip:   0.71 kB
.output/server/_ssr/progress-C-emkQtz.mjs                                     1.54 kB │ gzip:   0.73 kB
.output/server/_ssr/members-CVYtbwyv.mjs                                      1.55 kB │ gzip:   0.71 kB
.output/server/_ssr/empty-state-CD-4pUpz.mjs                                  1.60 kB │ gzip:   0.61 kB
.output/server/_ssr/form-error-banner-AUo2Kt2Q.mjs                            1.66 kB │ gzip:   0.68 kB
.output/server/_ssr/reply-read-DXJNuvpd.mjs                                   1.70 kB │ gzip:   0.79 kB
.output/server/_ssr/staff-goals-D-RqPlxa.mjs                                  1.71 kB │ gzip:   0.80 kB
.output/server/_ssr/reviews-nEf-UHB8.mjs                                      1.72 kB │ gzip:   0.77 kB
.output/server/_ssr/members-zh6qO6-K.mjs                                      1.72 kB │ gzip:   0.77 kB
.output/server/_importId-CqYFt1dd.mjs                                         1.72 kB │ gzip:   0.75 kB
.output/server/_ssr/staff-portals-DmdPh2-K.mjs                                1.75 kB │ gzip:   0.80 kB
.output/server/_ssr/import-google-CvHOa-VL.mjs                                1.75 kB │ gzip:   0.81 kB
.output/server/_ssr/property-trend-C0nASoYj.mjs                               1.76 kB │ gzip:   0.80 kB
.output/server/_ssr/middleware-CtfVfbSy.mjs                                   1.77 kB │ gzip:   0.78 kB
.output/server/_ssr/dashboard-BL99Mdf-.mjs                                    1.80 kB │ gzip:   0.75 kB
.output/server/_ssr/form-textarea-CiRATftO.mjs                                1.80 kB │ gzip:   0.78 kB
.output/server/_ssr/staff-recent-activity-Ds_BNN59.mjs                        1.85 kB │ gzip:   0.82 kB
.output/server/_ssr/checkbox-BJWqiCOY.mjs                                     1.85 kB │ gzip:   0.76 kB
.output/server/_ssr/sqlite-adapter-EMgr8Uqc.mjs                               1.85 kB │ gzip:   0.80 kB
.output/server/_ssr/client-ip-AAGY9K6u.mjs                                    1.88 kB │ gzip:   0.89 kB
.output/server/_runtime.mjs                                                   1.89 kB │ gzip:   0.86 kB
.output/server/_propertyId-WHSFMYER.mjs                                       1.95 kB │ gzip:   0.81 kB
.output/server/_ssr/team-BduFaZC_.mjs                                         1.95 kB │ gzip:   0.87 kB
.output/server/_ssr/trace-FvJOnjuO.mjs                                        2.00 kB │ gzip:   0.79 kB
.output/server/_ssr/badge-C_u102UO.mjs                                        2.02 kB │ gzip:   0.91 kB
.output/server/_ssr/use-action-mutation-EHuyFNG-.mjs                          2.03 kB │ gzip:   0.99 kB
.output/server/_ssr/new-B03gTfIR.mjs                                          2.05 kB │ gzip:   0.90 kB
.output/server/_ssr/popover-B3Jx08Gp.mjs                                      2.06 kB │ gzip:   0.74 kB
.output/server/_ssr/google-auth-url-CGiIcSZ5.mjs                              2.07 kB │ gzip:   0.94 kB
.output/server/_ssr/alert-ITJWj2T1.mjs                                        2.07 kB │ gzip:   0.80 kB
.output/server/_libs/on-exit-leak-free.mjs                                    2.07 kB │ gzip:   0.76 kB
.output/server/_teamId-JANH-QAk.mjs                                           2.12 kB │ gzip:   0.88 kB
.output/server/_ssr/route-queries-CSfN2O-O.mjs                                2.12 kB │ gzip:   0.89 kB
.output/server/_ssr/use-action-jEOPgTrQ.mjs                                   2.13 kB │ gzip:   0.95 kB
.output/server/_ssr/auth.functions-DrykT63t.mjs                               2.16 kB │ gzip:   0.86 kB
.output/server/_ssr/portal-groups-DyLR0nFR.mjs                                2.16 kB │ gzip:   0.84 kB
.output/server/_ssr/metrics-BXMaQR5K.mjs                                      2.19 kB │ gzip:   0.91 kB
.output/server/_ssr/gbp-import-CUKvZKKl.mjs                                   2.19 kB │ gzip:   0.79 kB
.output/server/_libs/@tanstack/router-core+[...].mjs                          2.19 kB │ gzip:   0.78 kB
.output/server/_ssr/-inbox-fns-DdwiqBXy.mjs                                   2.20 kB │ gzip:   0.94 kB
.output/server/_libs/ufo.mjs                                                  2.21 kB │ gzip:   0.72 kB
.output/server/_ssr/portal-analytics-BqzWXyZu.mjs                             2.32 kB │ gzip:   0.97 kB
.output/server/_ssr/profile-Cvu2I80S.mjs                                      2.32 kB │ gzip:   0.89 kB
.output/server/_libs/react-is.mjs                                             2.36 kB │ gzip:   0.82 kB
.output/server/_ssr/integrations-Csenq-Dv.mjs                                 2.39 kB │ gzip:   0.92 kB
.output/server/_ssr/invitation.dto-_qmDvh_U.mjs                               2.43 kB │ gzip:   0.79 kB
.output/server/_teamId-CihL5ZVx.mjs                                           2.45 kB │ gzip:   0.96 kB
.output/server/_ssr/permissions-CLo8oEI7.mjs                                  2.48 kB │ gzip:   1.09 kB
.output/server/_ssr/login-Wgn66aAP.mjs                                        2.51 kB │ gzip:   1.03 kB
.output/server/_ssr/register-DwI0Cdcr.mjs                                     2.52 kB │ gzip:   0.94 kB
.output/server/_ssr/reply-read-DhuC4IHY.mjs                                   2.53 kB │ gzip:   1.13 kB
.output/server/_ssr/recognition-gHXNn4Wj.mjs                                  2.53 kB │ gzip:   0.93 kB
.output/server/_propertyId-BYuW57sf.mjs                                       2.56 kB │ gzip:   1.03 kB
.output/server/_ssr/button-DZ9K_bUe.mjs                                       2.59 kB │ gzip:   1.07 kB
.output/server/_ssr/new-eq_eRYJ-.mjs                                          2.59 kB │ gzip:   1.04 kB
.output/server/_ssr/organizations.update-Ci39gHCk.mjs                         2.60 kB │ gzip:   1.06 kB
.output/server/_ssr/staff-dashboard-7wPG5NdX.mjs                              2.60 kB │ gzip:   1.13 kB
.output/server/_ssr/form-text-field-BI1RPxkT.mjs                              2.61 kB │ gzip:   0.97 kB
.output/server/_ssr/join-BPlhxxF0.mjs                                         2.62 kB │ gzip:   1.00 kB
.output/server/_ssr/ai-C0hzQpdd.mjs                                           2.65 kB │ gzip:   1.03 kB
.output/server/_ssr/dashboard-ZKu2NtQe.mjs                                    2.66 kB │ gzip:   1.12 kB
.output/server/_ssr/theme-toggle-CvahcncX.mjs                                 2.67 kB │ gzip:   1.11 kB
.output/server/_ssr/inbox.dto-CcvZ8-WD.mjs                                    2.68 kB │ gzip:   0.95 kB
.output/server/_ssr/page-states-1_9ghcx_.mjs                                  2.73 kB │ gzip:   0.96 kB
.output/server/_ssr/attention-signals-CksgH9mS.mjs                            2.74 kB │ gzip:   1.11 kB
.output/server/_ssr/properties-B5F2YXe3.mjs                                   2.75 kB │ gzip:   0.91 kB
.output/server/_chunks/middleware.mjs                                         2.76 kB │ gzip:   1.16 kB
.output/server/_ssr/inbox-item-queries-R0KgE9k6.mjs                           2.77 kB │ gzip:   0.91 kB
.output/server/_ssr/governed-goals-DQ2QUsme.mjs                               2.78 kB │ gzip:   1.04 kB
.output/server/_ssr/reply-suggestion-sWvIghuh.mjs                             2.81 kB │ gzip:   1.16 kB
.output/server/_ssr/portals-Cy0tLX9I.mjs                                      2.85 kB │ gzip:   1.10 kB
.output/server/_ssr/inbox-item-actions-CHJCNOJW.mjs                           2.86 kB │ gzip:   0.96 kB
.output/server/_ssr/card-DPTz9zHe.mjs                                         2.90 kB │ gzip:   0.77 kB
.output/server/_ssr/ai-BNfx0buE.mjs                                           2.92 kB │ gzip:   1.33 kB
.output/server/_importId-BIA8N1Aa.mjs                                         2.93 kB │ gzip:   1.11 kB
.output/server/_ssr/teams-szSkQWb4.mjs                                        2.97 kB │ gzip:   1.10 kB
.output/server/_token-CMD3bwuR.mjs                                            2.98 kB │ gzip:   1.23 kB
.output/server/_ssr/inbox-CuzsmNKR.mjs                                        3.00 kB │ gzip:   1.08 kB
.output/server/_ssr/roles-CZvb9pIw.mjs                                        3.05 kB │ gzip:   1.45 kB
.output/server/_ssr/fleet-overview-CfGKNG5m.mjs                               3.05 kB │ gzip:   1.25 kB
.output/server/_libs/@aws-sdk/credential-provider-web-identity+[...].mjs      3.11 kB │ gzip:   1.06 kB
.output/server/_ssr/activity-BRyIjlSy.mjs                                     3.15 kB │ gzip:   1.10 kB
.output/server/_teamId-BrVkffNX.mjs                                           3.19 kB │ gzip:   1.21 kB
.output/server/_ssr/google-performance-ByI8pUUt.mjs                           3.19 kB │ gzip:   1.05 kB
.output/server/_ssr/table-B_39RX-b.mjs                                        3.21 kB │ gzip:   0.85 kB
.output/server/_ssr/organizations.response-sla-CUAQg_8H.mjs                   3.21 kB │ gzip:   1.19 kB
.output/server/_ssr/notifications-NyoCveot.mjs                                3.22 kB │ gzip:   1.11 kB
.output/server/_libs/class-variance-authority+clsx.mjs                        3.25 kB │ gzip:   1.27 kB
.output/server/_libs/d3-path.mjs                                              3.28 kB │ gzip:   1.18 kB
.output/server/_ssr/people-BUcthUdI.mjs                                       3.32 kB │ gzip:   1.13 kB
.output/server/_libs/radix-ui__react-collection.mjs                           3.38 kB │ gzip:   1.11 kB
.output/server/_ssr/auth-layout-BsuipQ1F.mjs                                  3.46 kB │ gzip:   0.99 kB
.output/server/_ssr/import-google-BKRwgc3E.mjs                                3.52 kB │ gzip:   1.29 kB
.output/server/_ssr/reply-CLAfH128.mjs                                        3.59 kB │ gzip:   1.04 kB
.output/server/_ssr/organizations.members-BoCaLCPV.mjs                        3.60 kB │ gzip:   1.03 kB
.output/server/_libs/@aws-sdk/credential-provider-process+[...].mjs           3.63 kB │ gzip:   1.12 kB
.output/server/_ssr/property-read-CygZEKHL.mjs                                3.72 kB │ gzip:   1.10 kB
.output/server/_libs/dijkstrajs.mjs                                           3.74 kB │ gzip:   1.55 kB
.output/server/_libs/better-auth__utils.mjs                                   3.93 kB │ gzip:   1.33 kB
.output/server/_ssr/d1-sqlite-dialect-BLC8LXE6-8e4xscbL.mjs                   3.94 kB │ gzip:   1.47 kB
.output/server/_portalId-DJwkGBJl.mjs                                         4.05 kB │ gzip:   1.47 kB
.output/server/_ssr/notifications-BO6zMGbF.mjs                                4.06 kB │ gzip:   1.64 kB
.output/server/_ssr/tabs-Dm7f2cna.mjs                                         4.17 kB │ gzip:   1.23 kB
.output/server/_ssr/routes-B2pa4lDL.mjs                                       4.17 kB │ gzip:   1.30 kB
.output/server/_ssr/field-DzdzWZPv.mjs                                        4.19 kB │ gzip:   1.36 kB
.output/server/_ssr/portals-BCGw3gqE.mjs                                      4.27 kB │ gzip:   1.52 kB
.output/server/_ssr/organizations.query-B2MLhOjW.mjs                          4.37 kB │ gzip:   1.34 kB
.output/server/_libs/radix-ui__react-switch.mjs                               4.46 kB │ gzip:   1.63 kB
.output/server/_libs/cluster-key-slot.mjs                                     4.49 kB │ gzip:   1.83 kB
.output/server/_ssr/organizations.invitations-7FAR3m5O.mjs                    4.53 kB │ gzip:   1.21 kB
.output/server/_teamId-rGkh3Oc8.mjs                                           4.53 kB │ gzip:   1.40 kB
.output/server/_token-Cwbi4rN0.mjs                                            4.58 kB │ gzip:   1.63 kB
.output/server/_ssr/google-import-v2.dto-CIZxtqIO.mjs                         4.61 kB │ gzip:   1.93 kB
.output/server/_ssr/bun-sqlite-dialect-BW9W1_Ps-CFSBCFub.mjs                  4.62 kB │ gzip:   1.66 kB
.output/server/_ssr/node-sqlite-dialect-Dw-wd4Ds.mjs                          4.62 kB │ gzip:   1.64 kB
.output/server/_libs/fractional-indexing.mjs                                  4.68 kB │ gzip:   1.36 kB
.output/server/_libs/@tanstack/react-router-ssr-query+[...].mjs               4.69 kB │ gzip:   1.47 kB
.output/server/_ssr/query-keys-VgA8f4_R.mjs                                   4.70 kB │ gzip:   1.16 kB
.output/server/_ssr/reply-draft-DbtIqe3e.mjs                                  4.82 kB │ gzip:   1.22 kB
.output/server/_ssr/guest-response-CTFoJ2Yi.mjs                               4.86 kB │ gzip:   1.27 kB
.output/server/_ssr/inbox-status-DyH_5giw.mjs                                 4.87 kB │ gzip:   1.16 kB
.output/server/_ssr/progress-DBi_TlAB.mjs                                     5.01 kB │ gzip:   1.35 kB
.output/server/_libs/aws-sdk__s3-request-presigner.mjs                        5.01 kB │ gzip:   1.60 kB
.output/server/_libs/aws-crypto__crc32c.mjs                                   5.03 kB │ gzip:   2.26 kB
.output/server/_ssr/auth-settings-Bzf18WBj.mjs                                5.09 kB │ gzip:   1.57 kB
.output/server/_ssr/leaderboards-BX2uTPDs.mjs                                 5.11 kB │ gzip:   1.13 kB
.output/server/_ssr/google-connections-DiLTU901.mjs                           5.37 kB │ gzip:   1.35 kB
.output/server/_libs/d3-interpolate.mjs                                       5.50 kB │ gzip:   1.63 kB
.output/server/_ssr/sheet-DOXMa6y1.mjs                                        5.50 kB │ gzip:   1.39 kB
.output/server/_ssr/update-organization-F5QvE4hD.mjs                          5.57 kB │ gzip:   1.93 kB
.output/server/_ssr/home-BrOuUlvC.mjs                                         5.70 kB │ gzip:   1.85 kB
.output/server/_ssr/staff-participations-Cx7NoCbS.mjs                         5.71 kB │ gzip:   1.57 kB
.output/server/_ssr/inbox-queries-D396Yk1L.mjs                                5.72 kB │ gzip:   1.54 kB
.output/server/_ssr/dialog-DK4lhEFz.mjs                                       5.76 kB │ gzip:   1.43 kB
.output/server/_ssr/portal-link-categories-0F7CbWHE.mjs                       5.81 kB │ gzip:   1.44 kB
.output/server/_libs/radix-ui__react-tabs.mjs                                 5.82 kB │ gzip:   1.76 kB
.output/server/_ssr/reset-password-DdXRiKy_.mjs                               5.86 kB │ gzip:   1.48 kB
.output/server/_ssr/organizations-DgCU7WEC.mjs                                6.05 kB │ gzip:   2.00 kB
.output/server/_ssr/rules-2U4hU84k.mjs                                        6.13 kB │ gzip:   2.95 kB
.output/server/_ssr/alert-dialog-DM0VoRTD.mjs                                 6.26 kB │ gzip:   1.35 kB
.output/server/_ssr/goals-IF2dNXDA.mjs                                        6.32 kB │ gzip:   1.68 kB
.output/server/_ssr/badges-CrsoKcy1.mjs                                       6.36 kB │ gzip:   1.64 kB
.output/server/_ssr/governed-goals-Bm1jqICs.mjs                               6.37 kB │ gzip:   1.77 kB
.output/server/_ssr/start-bAjGOtPq.mjs                                        6.44 kB │ gzip:   2.64 kB
.output/server/_ssr/merchant-ai-92bZkpuz.mjs                                  6.49 kB │ gzip:   1.75 kB
.output/server/_ssr/property-dashboard-helpers-zsFJ_Pc1.mjs                   6.59 kB │ gzip:   1.57 kB
.output/server/_ssr/guest-scans-Cv3X7GIo.mjs                                  6.62 kB │ gzip:   2.16 kB
.output/server/_ssr/env-impl-eW6tqStn.mjs                                     6.63 kB │ gzip:   2.52 kB
.output/server/_ssr/portal-links-BcFis-JW.mjs                                 6.67 kB │ gzip:   1.59 kB
.output/server/_libs/react-redux+[...].mjs                                    6.68 kB │ gzip:   2.09 kB
.output/server/_libs/stablelib__base64.mjs                                    6.76 kB │ gzip:   1.77 kB
.output/server/_libs/@tanstack/devtools-event-client+[...].mjs                6.76 kB │ gzip:   1.72 kB
.output/server/_ssr/page-header-DcU1c1S4.mjs                                  6.88 kB │ gzip:   1.63 kB
.output/server/_ssr/members-SryneQWr.mjs                                      7.00 kB │ gzip:   1.90 kB
.output/server/_libs/@aws-sdk/credential-provider-http+[...].mjs              7.14 kB │ gzip:   2.22 kB
.output/server/_libs/ts-pattern.mjs                                           7.24 kB │ gzip:   2.18 kB
.output/server/_ssr/organizations.registration-pOeVH2j-.mjs                   7.71 kB │ gzip:   2.11 kB
.output/server/_ssr/select-BpgcO5eD.mjs                                       7.79 kB │ gzip:   1.87 kB
.output/server/_ssr/organizations.upload-BaEzM5zT.mjs                         8.07 kB │ gzip:   2.07 kB
.output/server/_chunks/start.mjs                                              8.10 kB │ gzip:   1.49 kB
.output/server/_portalId-BbGdGH5o.mjs                                         8.17 kB │ gzip:   2.46 kB
.output/server/_libs/eventemitter3.mjs                                        8.32 kB │ gzip:   2.04 kB
.output/server/_libs/d3-array.mjs                                             8.46 kB │ gzip:   2.27 kB
.output/server/_libs/tanstack__react-query.mjs                                8.87 kB │ gzip:   2.14 kB
.output/server/_libs/@radix-ui/react-checkbox+[...].mjs                       8.93 kB │ gzip:   2.64 kB
.output/server/_libs/@aws-crypto/crc32+[...].mjs                              9.22 kB │ gzip:   3.26 kB
.output/server/_ssr/properties-3o4Ktn3k.mjs                                   9.27 kB │ gzip:   2.15 kB
.output/server/_libs/floating-ui__react-dom.mjs                               9.43 kB │ gzip:   2.72 kB
.output/server/_ssr/portal-groups-_H_yUvEQ.mjs                                9.93 kB │ gzip:   2.14 kB
.output/server/_ssr/gbp-import-vfyCPPAA.mjs                                  10.01 kB │ gzip:   2.04 kB
.output/server/_ssr/new-FwJ1wZ24.mjs                                         10.05 kB │ gzip:   2.54 kB
.output/server/_goalId-gIm5VeFD.mjs                                          10.22 kB │ gzip:   2.17 kB
.output/server/_ssr/leaderboard-Ds9_My1D.mjs                                 10.42 kB │ gzip:   1.89 kB
.output/server/_libs/d3-color.mjs                                            10.45 kB │ gzip:   3.58 kB
.output/server/_ssr/chart-CT3v6V3L.mjs                                       10.47 kB │ gzip:   2.87 kB
.output/server/_libs/fast-sha256.mjs                                         10.49 kB │ gzip:   3.11 kB
.output/server/_chunks/logger.mjs                                            10.50 kB │ gzip:   3.81 kB
.output/server/_libs/tanstack__history.mjs                                   10.71 kB │ gzip:   3.13 kB
.output/server/_libs/radix-ui__react-popover.mjs                             10.74 kB │ gzip:   2.57 kB
.output/server/_ssr/logger-yup0n5py.mjs                                      10.91 kB │ gzip:   3.96 kB
.output/server/_ssr/beta-capabilities-CIe8Ogkt.mjs                           10.93 kB │ gzip:   3.60 kB
.output/server/_libs/d3-format.mjs                                           11.11 kB │ gzip:   3.05 kB
.output/server/_libs/pinojs__redact.mjs                                      11.39 kB │ gzip:   2.44 kB
.output/server/_ssr/policy-admin-D_HrQKCS.mjs                                11.49 kB │ gzip:   2.16 kB
.output/server/_libs/@tanstack/start-client-core+[...].mjs                   11.77 kB │ gzip:   3.14 kB
.output/server/_ssr/public-VweZOjc2.mjs                                      11.83 kB │ gzip:   2.99 kB
.output/server/_ssr/merchant-ai-notice.dto-BIXAW-K0.mjs                      12.20 kB │ gzip:   4.13 kB
.output/server/_ssr/notifications-CG_cZxYn.mjs                               12.33 kB │ gzip:   2.70 kB
.output/server/_libs/neverthrow.mjs                                          12.48 kB │ gzip:   3.47 kB
.output/server/_ssr/fleet-overview-DVK60cSF.mjs                              13.19 kB │ gzip:   2.74 kB
.output/server/_ssr/teams-62y6eTk2.mjs                                       13.37 kB │ gzip:   2.91 kB
.output/server/_libs/h3.mjs                                                  14.05 kB │ gzip:   4.21 kB
.output/server/_ssr/execution-policy-CmW0_0FD.mjs                            14.32 kB │ gzip:   3.95 kB
.output/server/_ssr/portals-BSHlXHrj.mjs                                     14.50 kB │ gzip:   3.01 kB
.output/server/_ssr/dist-BG5MdodX.mjs                                        14.57 kB │ gzip:   4.10 kB
.output/server/_libs/better-auth__memory-adapter.mjs                         14.85 kB │ gzip:   4.20 kB
.output/server/_libs/@smithy/credential-provider-imds+[...].mjs              15.42 kB │ gzip:   4.03 kB
.output/server/_libs/dnd-kit__sortable.mjs                                   15.60 kB │ gzip:   4.27 kB
.output/server/_ssr/image-upload-field-A4dUuJDZ.mjs                          16.75 kB │ gzip:   3.59 kB
.output/server/_libs/dnd-kit__accessibility+react.mjs                        16.89 kB │ gzip:   4.72 kB
.output/server/_libs/@better-auth/telemetry+[...].mjs                        17.41 kB │ gzip:   4.91 kB
.output/server/_libs/radix-ui__react-slider.mjs                              17.61 kB │ gzip:   4.45 kB
.output/server/_libs/@tanstack/react-form+[...].mjs                          17.65 kB │ gzip:   3.60 kB
.output/server/_libs/immer.mjs                                               17.87 kB │ gzip:   5.13 kB
.output/server/_libs/radix-ui__react-tooltip.mjs                             18.36 kB │ gzip:   4.25 kB
.output/server/_tanstack-start-manifest_v-m67CFqTW.mjs                       19.08 kB │ gzip:   3.43 kB
.output/server/_ssr/sidebar-CMjlwuMh.mjs                                     20.31 kB │ gzip:   4.55 kB
.output/server/_ssr/home-BFG8LLaz.mjs                                        21.35 kB │ gzip:   4.11 kB
.output/server/_libs/@aws-sdk/credential-provider-ini+[...].mjs              22.30 kB │ gzip:   5.56 kB
.output/server/_libs/noble__hashes.mjs                                       22.47 kB │ gzip:   7.46 kB
.output/server/_libs/decimal.js-light.mjs                                    23.35 kB │ gzip:   6.91 kB
.output/server/_ssr/headers-2DqxkevF.mjs                                     24.04 kB │ gzip:   7.20 kB
.output/server/_ssr/organization-C9sjccvX.mjs                                24.64 kB │ gzip:   4.93 kB
.output/server/_libs/d3-shape.mjs                                            25.74 kB │ gzip:   5.05 kB
.output/server/_libs/@floating-ui/dom+[...].mjs                              25.94 kB │ gzip:   6.60 kB
.output/server/_libs/@floating-ui/core+[...].mjs                             25.98 kB │ gzip:   6.39 kB
.output/server/_ssr/guest-Cz2bFIre.mjs                                       26.27 kB │ gzip:   5.11 kB
.output/server/_ssr/server-CPBnYNT8.mjs                                      28.90 kB │ gzip:   7.87 kB
.output/server/_authenticated-B8LQVKv1.mjs                                   30.86 kB │ gzip:   6.87 kB
.output/server/_libs/@aws-sdk/credential-provider-sso+[...].mjs              30.91 kB │ gzip:   7.56 kB
.output/server/_ssr/auth-client-B1NS_Pd2.mjs                                 31.83 kB │ gzip:   8.55 kB
.output/server/_ssr/team-CnCNjZSl.mjs                                        33.49 kB │ gzip:   6.04 kB
.output/server/_libs/@tanstack/react-start+[...].mjs                         37.43 kB │ gzip:  10.46 kB
.output/server/_ssr/portals-bGhDXC-Q.mjs                                     37.58 kB │ gzip:   6.73 kB
.output/server/_libs/resend+standardwebhooks.mjs                             38.10 kB │ gzip:   7.39 kB
.output/server/_ssr/default-query-compiler-pSRH6P1l.mjs                      41.73 kB │ gzip:   7.70 kB
.output/server/_libs/@radix-ui/react-select+[...].mjs                        43.61 kB │ gzip:   9.45 kB
.output/server/_authenticated-DZJ_VwXO.mjs                                   46.52 kB │ gzip:   7.25 kB
.output/server/_libs/lucide-react.mjs                                        46.52 kB │ gzip:   8.59 kB
.output/server/_libs/noble__ciphers.mjs                                      47.15 kB │ gzip:  14.02 kB
.output/server/_libs/sonner.mjs                                              52.03 kB │ gzip:  11.81 kB
.output/server/_ssr/error-codes-q5v_ub-J.mjs                                 52.87 kB │ gzip:  14.60 kB
.output/server/_libs/pngjs.mjs                                               56.79 kB │ gzip:  11.69 kB
.output/server/_ssr/people-DsUk7uzB.mjs                                      57.60 kB │ gzip:   9.98 kB
.output/server/_libs/@radix-ui/react-dropdown-menu+[...].mjs                 58.52 kB │ gzip:  11.57 kB
.output/server/_libs/react-resizable-panels.mjs                              58.68 kB │ gzip:  12.61 kB
.output/server/_libs/d3-scale+[...].mjs                                      59.48 kB │ gzip:  12.19 kB
.output/server/_ssr/router-UamlKzLQ.mjs                                      61.03 kB │ gzip:  14.70 kB
.output/server/_libs/@reduxjs/toolkit+[...].mjs                              62.49 kB │ gzip:  16.10 kB
.output/server/_libs/bowser.mjs                                              62.49 kB │ gzip:  11.05 kB
.output/server/_ssr/identity-CG7eMvnq.mjs                                    63.23 kB │ gzip:   9.44 kB
.output/server/_propertyId-Dt4J0zqJ.mjs                                      71.89 kB │ gzip:  13.43 kB
.output/server/_ssr/settings-T1fwNBLM.mjs                                    72.97 kB │ gzip:  11.69 kB
.output/server/_libs/tanstack__query-core.mjs                                73.85 kB │ gzip:  15.33 kB
.output/server/_libs/qrcode.mjs                                              77.98 kB │ gzip:  18.69 kB
.output/server/_libs/aws-sdk__nested-clients.mjs                             79.26 kB │ gzip:  12.56 kB
.output/server/_libs/@radix-ui/react-alert-dialog+[...].mjs                  84.68 kB │ gzip:  19.56 kB
.output/server/_libs/tailwind-merge.mjs                                      88.17 kB │ gzip:  15.68 kB
.output/server/_libs/es-toolkit.mjs                                          91.77 kB │ gzip:  18.65 kB
.output/server/_libs/postal-mime.mjs                                         91.83 kB │ gzip:  25.68 kB
.output/server/_libs/@dnd-kit/core+[...].mjs                                 92.12 kB │ gzip:  20.64 kB
.output/server/_libs/ioredis__commands.mjs                                  103.82 kB │ gzip:  15.01 kB
.output/server/_libs/pino+[...].mjs                                         108.95 kB │ gzip:  24.52 kB
.output/server/_libs/@tanstack/form-core+[...].mjs                          111.97 kB │ gzip:  20.79 kB
.output/server/_ssr/google-import-manager-C_X2qfcs.mjs                      116.30 kB │ gzip:  20.00 kB
.output/server/_ssr/inbox-page-v2-BSs329jc.mjs                              151.06 kB │ gzip:  25.38 kB
.output/server/_ssr/portal-CVdPknYh.mjs                                     162.21 kB │ gzip:  28.30 kB
.output/server/_ssr/dist-DS5JjYXu.mjs                                       180.52 kB │ gzip:  31.54 kB
.output/server/_libs/ioredis.mjs                                            181.53 kB │ gzip:  46.28 kB
.output/server/_ssr/ssr.mjs                                                 183.96 kB │ gzip:  49.76 kB
.output/server/_ssr/compiled-query-CeyQ0xKn.mjs                             219.59 kB │ gzip:  37.00 kB
.output/server/_libs/libphonenumber-js.mjs                                  303.13 kB │ gzip:  64.09 kB
.output/server/_libs/drizzle-orm.mjs                                        332.83 kB │ gzip:  68.72 kB
.output/server/_ssr/factory-BugH9Ue7.mjs                                    354.96 kB │ gzip:  60.78 kB
.output/server/_libs/@better-auth/kysely-adapter+[...].mjs                  481.11 kB │ gzip:  78.75 kB
.output/server/_libs/better-auth+[...].mjs                                  555.05 kB │ gzip: 111.42 kB
.output/server/_libs/recharts+[...].mjs                                     616.60 kB │ gzip: 122.78 kB
.output/server/_libs/@tanstack/react-router+[...].mjs                       665.91 kB │ gzip: 138.06 kB
.output/server/_ssr/auth-BOzMi4cD.mjs                                       705.49 kB │ gzip: 150.95 kB
.output/server/_libs/@aws-sdk/client-s3+[...].mjs                           730.08 kB │ gzip: 165.29 kB
.output/server/_libs/cld3-asm+[...].mjs                                   1,080.54 kB │ gzip: 504.56 kB
.output/server/_libs/@better-auth/core+[...].mjs                          1,084.16 kB │ gzip: 195.30 kB
.output/server/_libs/bullmq+[...].mjs                                     1,139.97 kB │ gzip: 238.13 kB
.output/server/_chunks/router.mjs                                         1,407.75 kB │ gzip: 233.29 kB
.output/server/_ssr/composition-CS1yDRaw.mjs                              2,381.11 kB │ gzip: 471.89 kB
.output/server/index.mjs                                                  2,603.65 kB │ gzip: 528.97 kB

✓ built in 1.11s
[info] Generated .output/nitro.json
[success] [nitro] You can preview this build using `npx vite preview`

(node:13251) [DEP0205] DeprecationWarning: `module.register()` is deprecated. Use `module.registerHooks()` instead.
(Use `node --trace-deprecation ...` to show where the warning was created)
[plugin builtin:vite-reporter] 
(!) Some chunks are larger than 500 kB after minification. Consider:
- Using dynamic import() to code-split the application
- Use build.rolldownOptions.output.codeSplitting to improve chunking: https://rolldown.rs/reference/OutputOptions.codeSplitting
- Adjust chunk size limit for this warning via build.chunkSizeWarningLimit.
[33m[CANNOT_CALL_NAMESPACE] [0mCannot call a namespace ("unixify").
    [38;5;246m╭[0m[38;5;246m─[0m[38;5;246m[[0m node_modules/.pnpm/emscripten-wasm-loader@3.0.3/node_modules/emscripten-wasm-loader/dist/esm/path/mountDirectory.js:21:28 [38;5;246m][0m
    [38;5;246m│[0m
 [38;5;246m 1 │[0m [38;5;249mi[0m[38;5;249mm[0m[38;5;249mp[0m[38;5;249mo[0m[38;5;249mr[0m[38;5;249mt[0m[38;5;249m [0m[38;5;249m*[0m[38;5;249m [0m[38;5;249ma[0m[38;5;249ms[0m[38;5;249m [0munixify[38;5;249m [0m[38;5;249mf[0m[38;5;249mr[0m[38;5;249mo[0m[38;5;249mm[0m[38;5;249m [0m[38;5;249m'[0m[38;5;249mu[0m[38;5;249mn[0m[38;5;249mi[0m[38;5;249mx[0m[38;5;249mi[0m[38;5;249mf[0m[38;5;249my[0m[38;5;249m'[0m[38;5;249m;[0m
 [38;5;240m   │[0m             ───┬───  
 [38;5;240m   │[0m                ╰───── "unixify" is imported as a namespace here
 [38;5;240m   │[0m 
 [38;5;246m21 │[0m [38;5;249m [0m[38;5;249m [0m[38;5;249m [0m[38;5;249m [0m[38;5;249mc[0m[38;5;249mo[0m[38;5;249mn[0m[38;5;249ms[0m[38;5;249mt[0m[38;5;249m [0m[38;5;249mm[0m[38;5;249mo[0m[38;5;249mu[0m[38;5;249mn[0m[38;5;249mt[0m[38;5;249me[0m[38;5;249md[0m[38;5;249mD[0m[38;5;249mi[0m[38;5;249mr[0m[38;5;249mP[0m[38;5;249ma[0m[38;5;249mt[0m[38;5;249mh[0m[38;5;249m [0m[38;5;249m=[0m[38;5;249m [0munixify(path.join(nodePathId, unixify(path.resolve(dirPath))))[38;5;249m;[0m
 [38;5;240m   │[0m                            ───────────────────────────────┬──────────────────────────────  
 [38;5;240m   │[0m                                                           ╰──────────────────────────────── This will cause an error at runtime because "unixify" is a module namespace object and not a function. Consider changing "unixify" to a default import instead.
[38;5;246m────╯[0m

[33m[CANNOT_CALL_NAMESPACE] [0mCannot call a namespace ("unixify").
    [38;5;246m╭[0m[38;5;246m─[0m[38;5;246m[[0m node_modules/.pnpm/emscripten-wasm-loader@3.0.3/node_modules/emscripten-wasm-loader/dist/esm/path/mountDirectory.js:21:58 [38;5;246m][0m
    [38;5;246m│[0m
 [38;5;246m 1 │[0m [38;5;249mi[0m[38;5;249mm[0m[38;5;249mp[0m[38;5;249mo[0m[38;5;249mr[0m[38;5;249mt[0m[38;5;249m [0m[38;5;249m*[0m[38;5;249m [0m[38;5;249ma[0m[38;5;249ms[0m[38;5;249m [0munixify[38;5;249m [0m[38;5;249mf[0m[38;5;249mr[0m[38;5;249mo[0m[38;5;249mm[0m[38;5;249m [0m[38;5;249m'[0m[38;5;249mu[0m[38;5;249mn[0m[38;5;249mi[0m[38;5;249mx[0m[38;5;249mi[0m[38;5;249mf[0m[38;5;249my[0m[38;5;249m'[0m[38;5;249m;[0m
 [38;5;240m   │[0m             ───┬───  
 [38;5;240m   │[0m                ╰───── "unixify" is imported as a namespace here
 [38;5;240m   │[0m 
 [38;5;246m21 │[0m [38;5;249m [0m[38;5;249m [0m[38;5;249m [0m[38;5;249m [0m[38;5;249mc[0m[38;5;249mo[0m[38;5;249mn[0m[38;5;249ms[0m[38;5;249mt[0m[38;5;249m [0m[38;5;249mm[0m[38;5;249mo[0m[38;5;249mu[0m[38;5;249mn[0m[38;5;249mt[0m[38;5;249me[0m[38;5;249md[0m[38;5;249mD[0m[38;5;249mi[0m[38;5;249mr[0m[38;5;249mP[0m[38;5;249ma[0m[38;5;249mt[0m[38;5;249mh[0m[38;5;249m [0m[38;5;249m=[0m[38;5;249m [0m[38;5;249mu[0m[38;5;249mn[0m[38;5;249mi[0m[38;5;249mx[0m[38;5;249mi[0m[38;5;249mf[0m[38;5;249my[0m[38;5;249m([0m[38;5;249mp[0m[38;5;249ma[0m[38;5;249mt[0m[38;5;249mh[0m[38;5;249m.[0m[38;5;249mj[0m[38;5;249mo[0m[38;5;249mi[0m[38;5;249mn[0m[38;5;249m([0m[38;5;249mn[0m[38;5;249mo[0m[38;5;249md[0m[38;5;249me[0m[38;5;249mP[0m[38;5;249ma[0m[38;5;249mt[0m[38;5;249mh[0m[38;5;249mI[0m[38;5;249md[0m[38;5;249m,[0m[38;5;249m [0munixify(path.resolve(dirPath))[38;5;249m)[0m[38;5;249m)[0m[38;5;249m;[0m
 [38;5;240m   │[0m                                                          ───────────────┬──────────────  
 [38;5;240m   │[0m                                                                         ╰──────────────── This will cause an error at runtime because "unixify" is a module namespace object and not a function. Consider changing "unixify" to a default import instead.
[38;5;246m────╯[0m

[33m[CANNOT_CALL_NAMESPACE] [0mCannot call a namespace ("nanoid").
    [38;5;246m╭[0m[38;5;246m─[0m[38;5;246m[[0m node_modules/.pnpm/emscripten-wasm-loader@3.0.3/node_modules/emscripten-wasm-loader/dist/esm/path/mountBuffer.js:17:30 [38;5;246m][0m
    [38;5;246m│[0m
 [38;5;246m 1 │[0m [38;5;249mi[0m[38;5;249mm[0m[38;5;249mp[0m[38;5;249mo[0m[38;5;249mr[0m[38;5;249mt[0m[38;5;249m [0m[38;5;249m*[0m[38;5;249m [0m[38;5;249ma[0m[38;5;249ms[0m[38;5;249m [0mnanoid[38;5;249m [0m[38;5;249mf[0m[38;5;249mr[0m[38;5;249mo[0m[38;5;249mm[0m[38;5;249m [0m[38;5;249m'[0m[38;5;249mn[0m[38;5;249ma[0m[38;5;249mn[0m[38;5;249mo[0m[38;5;249mi[0m[38;5;249md[0m[38;5;249m'[0m[38;5;249m;[0m
 [38;5;240m   │[0m             ───┬──  
 [38;5;240m   │[0m                ╰──── "nanoid" is imported as a namespace here
 [38;5;240m   │[0m 
 [38;5;246m17 │[0m [38;5;249m [0m[38;5;249m [0m[38;5;249m [0m[38;5;249m [0m[38;5;249mc[0m[38;5;249mo[0m[38;5;249mn[0m[38;5;249ms[0m[38;5;249mt[0m[38;5;249m [0m[38;5;249mf[0m[38;5;249mi[0m[38;5;249ml[0m[38;5;249me[0m[38;5;249m [0m[38;5;249m=[0m[38;5;249m [0m[38;5;249mf[0m[38;5;249mi[0m[38;5;249ml[0m[38;5;249me[0m[38;5;249mN[0m[38;5;249ma[0m[38;5;249mm[0m[38;5;249me[0m[38;5;249m [0m[38;5;249m|[0m[38;5;249m|[0m[38;5;249m [0mnanoid(45)[38;5;249m;[0m
 [38;5;240m   │[0m                              ─────┬────  
 [38;5;240m   │[0m                                   ╰────── This will cause an error at runtime because "nanoid" is a module namespace object and not a function. Consider changing "nanoid" to a default import instead.
[38;5;246m────╯[0m

