$ pnpm build
started: 2026-08-24T23:02:36.801Z  durationMs: 5786  exit: 0


> reputation-key@ build /private/tmp/repkey-fnd01.INMxZB/source
> vite build

vite v8.1.4 building client environment for production...
[2Ktransforming...✓ 3462 modules transformed.
rendering chunks...
computing gzip size...
.output/public/assets/styles-B4c1dZHY.css                                                                                               132.18 kB │ gzip:  21.41 kB
.output/public/assets/root-DLTE-HSj.js                                                                                                    0.03 kB │ gzip:   0.05 kB
.output/public/assets/tenant-cache-transition-Covmahi0.js                                                                                 0.05 kB │ gzip:   0.07 kB
.output/public/assets/useQuery-DSRbxHXc.js                                                                                                0.10 kB │ gzip:   0.10 kB
.output/public/assets/not-found-i5RsCZif.js                                                                                               0.11 kB │ gzip:   0.11 kB
.output/public/assets/check-CJ73IXkv.js                                                                                                   0.12 kB │ gzip:   0.14 kB
.output/public/assets/chevron-right-LvBhbTmj.js                                                                                           0.13 kB │ gzip:   0.14 kB
.output/public/assets/_token-DqTeG9sB.js                                                                                                  0.13 kB │ gzip:   0.12 kB
.output/public/assets/useRouteContext-D4XGnQE4.js                                                                                         0.13 kB │ gzip:   0.12 kB
.output/public/assets/_token-BpW7BRXQ.js                                                                                                  0.13 kB │ gzip:   0.12 kB
.output/public/assets/goals-CJe08F-B.js                                                                                                   0.14 kB │ gzip:   0.13 kB
.output/public/assets/loader-circle-DyBD5wik.js                                                                                           0.14 kB │ gzip:   0.15 kB
.output/public/assets/plus-BHW5JRws.js                                                                                                    0.15 kB │ gzip:   0.15 kB
.output/public/assets/x-Dnm91ovT.js                                                                                                       0.15 kB │ gzip:   0.15 kB
.output/public/assets/arrow-left-DpTTRpE7.js                                                                                              0.16 kB │ gzip:   0.16 kB
.output/public/assets/arrow-right-BvV-2Uw-.js                                                                                             0.16 kB │ gzip:   0.16 kB
.output/public/assets/controlled-route-check-BPS1hec5.js                                                                                  0.16 kB │ gzip:   0.16 kB
.output/public/assets/status-SOxnqXvV.js                                                                                                  0.17 kB │ gzip:   0.15 kB
.output/public/assets/search-DyIKgPB4.js                                                                                                  0.17 kB │ gzip:   0.16 kB
.output/public/assets/useSuspenseQuery-DaVc2Cd_.js                                                                                        0.17 kB │ gzip:   0.16 kB
.output/public/assets/trending-down-CstrFarv.js                                                                                           0.17 kB │ gzip:   0.16 kB
.output/public/assets/matchContext-Chvja4hw.js                                                                                            0.18 kB │ gzip:   0.15 kB
.output/public/assets/useRouterState-Bqew6qU7.js                                                                                          0.19 kB │ gzip:   0.17 kB
.output/public/assets/dashboard-CxhvqR2p.js                                                                                               0.21 kB │ gzip:   0.17 kB
.output/public/assets/capability-denial-DnsPBXFh.js                                                                                       0.21 kB │ gzip:   0.17 kB
.output/public/assets/useSearch-DDc5SQaD.js                                                                                               0.21 kB │ gzip:   0.16 kB
.output/public/assets/target-Bn_KWndn.js                                                                                                  0.22 kB │ gzip:   0.16 kB
.output/public/assets/message-square-DoPELalZ.js                                                                                          0.23 kB │ gzip:   0.20 kB
.output/public/assets/controlled-route-gate-LHrRI90h.js                                                                                   0.24 kB │ gzip:   0.20 kB
.output/public/assets/globe-CkV_QOdZ.js                                                                                                   0.24 kB │ gzip:   0.18 kB
.output/public/assets/link-2-CMBQ1QuN.js                                                                                                  0.24 kB │ gzip:   0.20 kB
.output/public/assets/circle-alert-i6eFJHxN.js                                                                                            0.25 kB │ gzip:   0.18 kB
.output/public/assets/eye-sYYsz6YI.js                                                                                                     0.25 kB │ gzip:   0.19 kB
.output/public/assets/monitor-M6_gFzbc.js                                                                                                 0.25 kB │ gzip:   0.20 kB
.output/public/assets/useNavigate-DfUXUhnF.js                                                                                             0.26 kB │ gzip:   0.21 kB
.output/public/assets/triangle-alert-0I8Xc6CD.js                                                                                          0.26 kB │ gzip:   0.21 kB
.output/public/assets/user-round-x-1pgNrOuq.js                                                                                            0.26 kB │ gzip:   0.21 kB
.output/public/assets/image-Btysgv3V.js                                                                                                   0.26 kB │ gzip:   0.22 kB
.output/public/assets/auth.functions-bIAtjWnB.js                                                                                          0.27 kB │ gzip:   0.22 kB
.output/public/assets/shield-cD0-jDqc.js                                                                                                  0.27 kB │ gzip:   0.22 kB
.output/public/assets/pencil-C5NjTISF.js                                                                                                  0.27 kB │ gzip:   0.22 kB
.output/public/assets/users-DiPSFK0e.js                                                                                                   0.30 kB │ gzip:   0.22 kB
.output/public/assets/user-plus-CREDzuiq.js                                                                                               0.31 kB │ gzip:   0.23 kB
.output/public/assets/shield-check-BoSVzpgu.js                                                                                            0.32 kB │ gzip:   0.24 kB
.output/public/assets/refresh-cw-Cu2dGs89.js                                                                                              0.32 kB │ gzip:   0.22 kB
.output/public/assets/rotate-ccw-B547L3rg.js                                                                                              0.32 kB │ gzip:   0.24 kB
.output/public/assets/settings-CMp2SPQR.js                                                                                                0.32 kB │ gzip:   0.24 kB
.output/public/assets/trash-2-CIbKc1i6.js                                                                                                 0.32 kB │ gzip:   0.21 kB
.output/public/assets/contact-DDa6cPP8.js                                                                                                 0.33 kB │ gzip:   0.23 kB
.output/public/assets/minus-R9TyB2lg.js                                                                                                   0.33 kB │ gzip:   0.23 kB
.output/public/assets/circle-x-nHpEtdSQ.js                                                                                                0.34 kB │ gzip:   0.25 kB
.output/public/assets/building-2-B8zQKle_.js                                                                                              0.38 kB │ gzip:   0.23 kB
.output/public/assets/usePermissions-DYRNJ3rU.js                                                                                          0.39 kB │ gzip:   0.26 kB
.output/public/assets/-inbox-fns-BUUriYvJ.js                                                                                              0.39 kB │ gzip:   0.27 kB
.output/public/assets/inbox-BVBeHQiO.js                                                                                                   0.40 kB │ gzip:   0.28 kB
.output/public/assets/_teamId-D-d1pHkt.js                                                                                                 0.40 kB │ gzip:   0.26 kB
.output/public/assets/QueryClientProvider-Bpy4KBnb.js                                                                                     0.41 kB │ gzip:   0.29 kB
.output/public/assets/useServerFn-AEGRHn0g.js                                                                                             0.44 kB │ gzip:   0.30 kB
.output/public/assets/dist-y0OXUN_s.js                                                                                                    0.46 kB │ gzip:   0.33 kB
.output/public/assets/star-BcLTzkTv.js                                                                                                    0.47 kB │ gzip:   0.29 kB
.output/public/assets/redirect-DtIAAt0y.js                                                                                                0.48 kB │ gzip:   0.30 kB
.output/public/assets/settings-B0Vn-6uF.js                                                                                                0.48 kB │ gzip:   0.25 kB
.output/public/assets/route-queries-CrScd0HW.js                                                                                           0.50 kB │ gzip:   0.31 kB
.output/public/assets/scan-line-FDAcGboL.js                                                                                               0.51 kB │ gzip:   0.31 kB
.output/public/assets/dist-XRs1yRan.js                                                                                                    0.52 kB │ gzip:   0.38 kB
.output/public/assets/portals-Dk5IqFTz.js                                                                                                 0.56 kB │ gzip:   0.37 kB
.output/public/assets/team-quT3HIY4.js                                                                                                    0.56 kB │ gzip:   0.36 kB
.output/public/assets/_portalId-D-GCcr44.js                                                                                               0.56 kB │ gzip:   0.37 kB
.output/public/assets/preferences-Wlp5h3_Z.js                                                                                             0.57 kB │ gzip:   0.38 kB
.output/public/assets/new-CfkxFeAB.js                                                                                                     0.57 kB │ gzip:   0.37 kB
.output/public/assets/permissions-DKW0-9AL.js                                                                                             0.58 kB │ gzip:   0.36 kB
.output/public/assets/inbox-DwaQ7C_E.js                                                                                                   0.59 kB │ gzip:   0.37 kB
.output/public/assets/user-round-search-DALvBnq5.js                                                                                       0.59 kB │ gzip:   0.36 kB
.output/public/assets/useMatch-CNPiAPxw.js                                                                                                0.61 kB │ gzip:   0.39 kB
.output/public/assets/sun-D1NhtUVK.js                                                                                                     0.63 kB │ gzip:   0.34 kB
.output/public/assets/dist-Cofmt3S3.js                                                                                                    0.64 kB │ gzip:   0.39 kB
.output/public/assets/useStore-B8XCRVjb.js                                                                                                0.65 kB │ gzip:   0.38 kB
.output/public/assets/useCapabilities-BeTlL6DY.js                                                                                         0.68 kB │ gzip:   0.40 kB
.output/public/assets/dist-DvyC3bUg.js                                                                                                    0.70 kB │ gzip:   0.48 kB
.output/public/assets/unavailable-_AfZHOw9.js                                                                                             0.74 kB │ gzip:   0.45 kB
.output/public/assets/timezones-BNp9VDzV.js                                                                                               0.76 kB │ gzip:   0.46 kB
.output/public/assets/team-C2Ys691h.js                                                                                                    0.77 kB │ gzip:   0.44 kB
.output/public/assets/reviews-Bj162rbn.js                                                                                                 0.79 kB │ gzip:   0.45 kB
.output/public/assets/members-ClvW93hC.js                                                                                                 0.80 kB │ gzip:   0.43 kB
.output/public/assets/accept-invitation-CMBNhvHa.js                                                                                       0.85 kB │ gzip:   0.48 kB
.output/public/assets/_propertyId-DF8wuDz1.js                                                                                             0.85 kB │ gzip:   0.52 kB
.output/public/assets/security-CYuDFZ4w.js                                                                                                0.87 kB │ gzip:   0.48 kB
.output/public/assets/_portalId-DW9WaF_1.js                                                                                               0.97 kB │ gzip:   0.54 kB
.output/public/assets/plug-D8p6kGxM.js                                                                                                    1.03 kB │ gzip:   0.47 kB
.output/public/assets/dashboard-BHmSs4ls.js                                                                                               1.04 kB │ gzip:   0.60 kB
.output/public/assets/jsx-runtime-DUAcabCT.js                                                                                             1.06 kB │ gzip:   0.60 kB
.output/public/assets/_teamId-b0WQlgWz.js                                                                                                 1.06 kB │ gzip:   0.59 kB
.output/public/assets/_teamId-BaJW5Wnq.js                                                                                                 1.07 kB │ gzip:   0.58 kB
.output/public/assets/infiniteQueryObserver-CbuM6RQA.js                                                                                   1.08 kB │ gzip:   0.45 kB
.output/public/assets/register-DJ9owUgy.js                                                                                                1.11 kB │ gzip:   0.61 kB
.output/public/assets/app-shared~index~_authenticated~notifications~ai~integrations~notifications~preferences~recognition-BDlF-Cho.js     1.17 kB │ gzip:   0.46 kB
.output/public/assets/login-yfYoITHg.js                                                                                                   1.20 kB │ gzip:   0.68 kB
.output/public/assets/join-BUUhbBnT.js                                                                                                    1.20 kB │ gzip:   0.67 kB
.output/public/assets/profile-BK3lPCPP.js                                                                                                 1.30 kB │ gzip:   0.66 kB
.output/public/assets/_importId-By1k8jkw.js                                                                                               1.33 kB │ gzip:   0.71 kB
.output/public/assets/integrations-YcW_flEx.js                                                                                            1.35 kB │ gzip:   0.68 kB
.output/public/assets/recognition-KNMh2p6d.js                                                                                             1.38 kB │ gzip:   0.68 kB
.output/public/assets/createLucideIcon-Blqh158i.js                                                                                        1.42 kB │ gzip:   0.80 kB
.output/public/assets/new-BgWBNMaW.js                                                                                                     1.56 kB │ gzip:   0.78 kB
.output/public/assets/-notification-fns-BHxXNfNI.js                                                                                       1.60 kB │ gzip:   0.82 kB
.output/public/assets/people-_B3xjEvI.js                                                                                                  1.67 kB │ gzip:   0.81 kB
.output/public/assets/ai-DapbdW46.js                                                                                                      1.80 kB │ gzip:   0.87 kB
.output/public/assets/reply-language-catalogue-BYGoBbVi.js                                                                                1.85 kB │ gzip:   1.16 kB
.output/public/assets/import-google-DCsgOHWy.js                                                                                           1.87 kB │ gzip:   0.94 kB
.output/public/assets/preload-helper-DyLTs5uf.js                                                                                          1.90 kB │ gzip:   1.00 kB
.output/public/assets/routes-C2CuJRJ9.js                                                                                                  1.94 kB │ gzip:   0.94 kB
.output/public/assets/progress-DeVN6SsX.js                                                                                                1.96 kB │ gzip:   0.86 kB
.output/public/assets/notifications-B7vm0B7r.js                                                                                           2.01 kB │ gzip:   0.99 kB
.output/public/assets/dist-CUqtaesr.js                                                                                                    2.01 kB │ gzip:   0.75 kB
.output/public/assets/app-shared~_authenticated~index~reviews~profile~security-DTWPZfS1.js                                                2.07 kB │ gzip:   1.01 kB
.output/public/assets/_token-fM_UAGQL.js                                                                                                  2.11 kB │ gzip:   1.13 kB
.output/public/assets/ai-category-labels-ci2RgfCv.js                                                                                      2.14 kB │ gzip:   1.13 kB
.output/public/assets/_teamId-BzfB3JTf.js                                                                                                 2.23 kB │ gzip:   1.00 kB
.output/public/assets/app-shared~index~_authenticated~index~notifications~_goalId~new~people~_portalId~_portalId~~o4jld63e-CPGpB4Hi.js    2.28 kB │ gzip:   1.18 kB
.output/public/assets/reset-password-Ds22e4em.js                                                                                          2.44 kB │ gzip:   0.98 kB
.output/public/assets/query-keys-Cz5c_C9T.js                                                                                              2.47 kB │ gzip:   0.86 kB
.output/public/assets/goals-Dno9-GCW.js                                                                                                   2.63 kB │ gzip:   1.10 kB
.output/public/assets/app-shared~index~_authenticated~dashboard~index~notifications~_propertyId~_goalId~index~new~js43gdc1-CDB3IRk5.js    2.85 kB │ gzip:   1.29 kB
.output/public/assets/notifications-Dox4xQ4q.js                                                                                           2.89 kB │ gzip:   1.43 kB
.output/public/assets/members-hihKdGwe.js                                                                                                 2.89 kB │ gzip:   1.30 kB
.output/public/assets/dist-BDHqfY3g.js                                                                                                    2.92 kB │ gzip:   1.30 kB
.output/public/assets/app-shared~index~home~leaderboard~progress~recognition~_token-BYkHcnj0.js                                           2.93 kB │ gzip:   1.45 kB
.output/public/assets/app-shared~index~people~_portalId~_portalId~index~ai~integrations~members~notifications~pre~ooiv1un0-D_rpNsVc.js    3.12 kB │ gzip:   1.00 kB
.output/public/assets/app-shared~index~dashboard~dashboard~_propertyId~people~_portalId~_portalId~members~team~te~bh5bw67x-C3yfFGsw.js    3.40 kB │ gzip:   1.32 kB
.output/public/assets/leaderboard-BVoZxDsw.js                                                                                             3.44 kB │ gzip:   1.21 kB
.output/public/assets/dist-C3wZ-mSE.js                                                                                                    3.63 kB │ gzip:   1.57 kB
.output/public/assets/properties-DkITwZXG.js                                                                                              3.72 kB │ gzip:   1.45 kB
.output/public/assets/_portalId-aj8272n0.js                                                                                               3.78 kB │ gzip:   1.73 kB
.output/public/assets/_goalId-BvXn1Mvu.js                                                                                                 3.89 kB │ gzip:   1.44 kB
.output/public/assets/dist-XcJaxwlk.js                                                                                                    3.95 kB │ gzip:   1.70 kB
.output/public/assets/route-D3lUVrFP.js                                                                                                   4.29 kB │ gzip:   1.26 kB
.output/public/assets/new-Cae_08Zf.js                                                                                                     4.51 kB │ gzip:   1.74 kB
.output/public/assets/dist-CD4breWm.js                                                                                                    4.87 kB │ gzip:   1.75 kB
.output/public/assets/dist-D6vXlrSe.js                                                                                                    4.88 kB │ gzip:   1.83 kB
.output/public/assets/app-shared~index~_authenticated~dashboard~dashboard~home~index~leaderboard~notifications~pr~k0gdmpv5-D856-NQ6.js    4.98 kB │ gzip:   1.74 kB
.output/public/assets/app-shared~index~_authenticated~dashboard~dashboard~home~index~notifications~progress~_goal~j41hply7-18LVOO_y.js    5.19 kB │ gzip:   1.69 kB
.output/public/assets/app-shared~index~_authenticated~progress~_goalId~index~new~index-CZxPsFd4.js                                        5.33 kB │ gzip:   2.41 kB
.output/public/assets/app-shared~index~_authenticated~home~index~progress~_goalId~index~new~index~people~_portalI~eux5epgz-CSGjrPT9.js    5.62 kB │ gzip:   1.78 kB
.output/public/assets/useMutation-Dh_2CTwc.js                                                                                             5.65 kB │ gzip:   1.83 kB
.output/public/assets/app-shared~index~index~people~_portalId~_portalId~new~index-D0pbVBAE.js                                             6.36 kB │ gzip:   2.86 kB
.output/public/assets/dist-CXeFWEfp.js                                                                                                    6.55 kB │ gzip:   2.61 kB
.output/public/assets/app-shared~index~_authenticated~index~notifications~people~_portalId~_portalId~reviews~_teamId~new-MGrDlqcz.js      6.71 kB │ gzip:   1.88 kB
.output/public/assets/app-shared~index~dashboard~dashboard-9WSe89eY.js                                                                    6.72 kB │ gzip:   2.53 kB
.output/public/assets/domain-D8bfcfKd.js                                                                                                  6.72 kB │ gzip:   2.06 kB
.output/public/assets/people-DNaABQip.js                                                                                                  6.80 kB │ gzip:   2.68 kB
.output/public/assets/dist-MAOJgtZx.js                                                                                                    7.35 kB │ gzip:   2.68 kB
.output/public/assets/dist-7TUKZyGe.js                                                                                                    7.46 kB │ gzip:   2.85 kB
.output/public/assets/removable-DoY4RGiH.js                                                                                               7.52 kB │ gzip:   2.87 kB
.output/public/assets/home-ug9I3_Co.js                                                                                                    7.64 kB │ gzip:   2.52 kB
.output/public/assets/user-C5fjNV7-.js                                                                                                    8.57 kB │ gzip:   3.21 kB
.output/public/assets/app-shared~index~index~people~_portalId~_portalId~_importId~index~members~organization~prof~fotdt0bl-X9SlvbTc.js    8.90 kB │ gzip:   2.99 kB
.output/public/assets/organization-D3H3HdT9.js                                                                                            9.29 kB │ gzip:   3.33 kB
.output/public/assets/ai-PXvLbIgB.js                                                                                                     11.45 kB │ gzip:   4.71 kB
.output/public/assets/undo-2-CHrrZ7HK.js                                                                                                 13.03 kB │ gzip:   4.67 kB
.output/public/assets/app-shared~index~_authenticated~index~notifications~reviews-C9LCh49a.js                                            13.10 kB │ gzip:   3.92 kB
.output/public/assets/app-shared~index~people~team~members~index~_teamId~_teamId-jmMXclHo.js                                             13.33 kB │ gzip:   4.53 kB
.output/public/assets/app-shared~index~_portalId~_portalId~_token~_token~_token~new-BmfEp8vR.js                                          14.43 kB │ gzip:   4.57 kB
.output/public/assets/portals-B8NIQ1N5.js                                                                                                15.86 kB │ gzip:   4.80 kB
.output/public/assets/queryOptions-D_bWte6H.js                                                                                           16.58 kB │ gzip:   5.57 kB
.output/public/assets/_authenticated-CUE8DIvf.js                                                                                         17.52 kB │ gzip:   5.15 kB
.output/public/assets/app-shared~index~index~people~ai~organization-dE5RsaMN.js                                                          19.15 kB │ gzip:   5.76 kB
.output/public/assets/link-UziZyigt.js                                                                                                   19.38 kB │ gzip:   7.51 kB
.output/public/assets/app-shared~index~_authenticated~notifications~notifications-DwSPsfDp.js                                            19.39 kB │ gzip:   6.99 kB
.output/public/assets/chevron-up-CDSPElMg.js                                                                                             19.44 kB │ gzip:   6.72 kB
.output/public/assets/es2015-CT7iaiWd.js                                                                                                 22.55 kB │ gzip:   8.09 kB
.output/public/assets/app-shared~_authenticated~_importId~index~integrations~members~organization~profile~securit~dzxzwpgf-BhKG5S0t.js   22.56 kB │ gzip:   5.68 kB
.output/public/assets/utils-CJq4K-VI.js                                                                                                  26.94 kB │ gzip:   8.60 kB
.output/public/assets/dist-tAPjjzcl.js                                                                                                   27.13 kB │ gzip:  10.48 kB
.output/public/assets/app-shared~index~index~people~_portalId~_portalId~reviews~_importId~index~ai~integrations~n~jcx5yu1p-E5dOFl1X.js   33.29 kB │ gzip:   9.43 kB
.output/public/assets/dist-COpOS6Eo.js                                                                                                   33.56 kB │ gzip:   9.36 kB
.output/public/assets/_propertyId-33d8eA5y.js                                                                                            33.81 kB │ gzip:  10.24 kB
.output/public/assets/createServerFn-DFNErc42.js                                                                                         38.03 kB │ gzip:  11.92 kB
.output/public/assets/react-resizable-panels-ZReK6gKC.js                                                                                 39.47 kB │ gzip:  13.40 kB
.output/public/assets/clipboard-MbHaPXJv.js                                                                                              42.57 kB │ gzip:  16.02 kB
.output/public/assets/vendor-dnd-Cj4tQmbe.js                                                                                             44.30 kB │ gzip:  14.53 kB
.output/public/assets/app-shared~index~_importId~index~integrations-DqzQBFxe.js                                                          48.19 kB │ gzip:  14.14 kB
.output/public/assets/useForm-BzFmDbSI.js                                                                                                63.00 kB │ gzip:  15.58 kB
.output/public/assets/schemas-DISvKkoA.js                                                                                                72.48 kB │ gzip:  19.38 kB
.output/public/assets/app-shared~index~index~reviews-gl6jd4b-.js                                                                         75.88 kB │ gzip:  20.91 kB
.output/public/assets/app-shared~index~dashboard~dashboard~home~index~_portalId~_portalId~new-DkVkaQNn.js                                80.61 kB │ gzip:  23.16 kB
.output/public/assets/index-CKs1vSXj.js                                                                                                 345.06 kB │ gzip: 108.10 kB
.output/public/assets/vendor-charts-D9aHbsW-.js                                                                                         430.19 kB │ gzip: 121.58 kB

✓ built in 1.25s
vite v8.1.4 building ssr environment for production...
[2Ktransforming...✓ 2078 modules transformed.
rendering chunks...
computing gzip size...
node_modules/.nitro/vite/services/ssr/assets/styles-B4c1dZHY.css                               132.18 kB │ gzip:  21.41 kB
node_modules/.nitro/vite/services/ssr/assets/public-api-CzEt7hjk.js                              0.05 kB │ gzip:   0.07 kB
node_modules/.nitro/vite/services/ssr/assets/domain-2M1QgaRE.js                                  0.08 kB │ gzip:   0.09 kB
node_modules/.nitro/vite/services/ssr/assets/kysely-adapter-BMYn1T6_.js                          0.13 kB │ gzip:   0.10 kB
node_modules/.nitro/vite/services/ssr/assets/utils-C_uf36nf.js                                   0.18 kB │ gzip:   0.15 kB
node_modules/.nitro/vite/services/ssr/assets/tenant-cache-transition-0SH2l_Hr.js                 0.23 kB │ gzip:   0.16 kB
node_modules/.nitro/vite/services/ssr/assets/core-RrmWoKne.js                                    0.25 kB │ gzip:   0.18 kB
node_modules/.nitro/vite/services/ssr/assets/goals-C9YY_Vi5.js                                   0.29 kB │ gzip:   0.22 kB
node_modules/.nitro/vite/services/ssr/assets/empty-plugin-adapters-DYp-ajJW.js                   0.31 kB │ gzip:   0.20 kB
node_modules/.nitro/vite/services/ssr/assets/errors-Bq--YW6Y.js                                  0.31 kB │ gzip:   0.21 kB
node_modules/.nitro/vite/services/ssr/assets/skeleton-Bp3AM9zJ.js                                0.36 kB │ gzip:   0.26 kB
node_modules/.nitro/vite/services/ssr/assets/dashboard-4Y4oAGBy.js                               0.36 kB │ gzip:   0.25 kB
node_modules/.nitro/vite/services/ssr/assets/profile-uvYIwFiY.js                                 0.38 kB │ gzip:   0.23 kB
node_modules/.nitro/vite/services/ssr/assets/hash-ip.server-BC_HYzoH.js                          0.39 kB │ gzip:   0.30 kB
node_modules/.nitro/vite/services/ssr/assets/useCapabilities-D-vvvdNu.js                         0.40 kB │ gzip:   0.25 kB
node_modules/.nitro/vite/services/ssr/assets/settings-BceN8_Xr.js                                0.40 kB │ gzip:   0.27 kB
node_modules/.nitro/vite/services/ssr/assets/staff-empty-state-ChzNoLXp.js                       0.42 kB │ gzip:   0.28 kB
node_modules/.nitro/vite/services/ssr/assets/google-performance-report-contract-DJCOFRjo.js      0.43 kB │ gzip:   0.25 kB
node_modules/.nitro/vite/services/ssr/assets/integrations-DktHo6i_.js                            0.46 kB │ gzip:   0.28 kB
node_modules/.nitro/vite/services/ssr/assets/createServerRpc-IQkH9j26.js                         0.46 kB │ gzip:   0.30 kB
node_modules/.nitro/vite/services/ssr/assets/pii-B_6Q5sON.js                                     0.47 kB │ gzip:   0.33 kB
node_modules/.nitro/vite/services/ssr/assets/controlled-route-check-DESdh1OM.js                  0.48 kB │ gzip:   0.32 kB
node_modules/.nitro/vite/services/ssr/assets/join-D-jIUXd1.js                                    0.49 kB │ gzip:   0.31 kB
node_modules/.nitro/vite/services/ssr/assets/login-BINv3cQE.js                                   0.49 kB │ gzip:   0.31 kB
node_modules/.nitro/vite/services/ssr/assets/reset-password-Dmdb1Bsl.js                          0.52 kB │ gzip:   0.29 kB
node_modules/.nitro/vite/services/ssr/assets/organizations.errors.server-DdRgHACI.js             0.53 kB │ gzip:   0.31 kB
node_modules/.nitro/vite/services/ssr/assets/label-RgPy5fsp.js                                   0.58 kB │ gzip:   0.36 kB
node_modules/.nitro/vite/services/ssr/assets/inbox-shared-CNdLoMs8.js                            0.58 kB │ gzip:   0.35 kB
node_modules/.nitro/vite/services/ssr/assets/ai-category-labels-ClsT6T3P.js                      0.59 kB │ gzip:   0.36 kB
node_modules/.nitro/vite/services/ssr/assets/timezones-DU8gdeRy.js                               0.60 kB │ gzip:   0.39 kB
node_modules/.nitro/vite/services/ssr/assets/auth-context-BQZQHCWn.js                            0.60 kB │ gzip:   0.35 kB
node_modules/.nitro/vite/services/ssr/assets/createSsrRpc-DF0Bvsnz.js                            0.60 kB │ gzip:   0.37 kB
node_modules/.nitro/vite/services/ssr/assets/google-performance.dto-DN-KlRPL.js                  0.60 kB │ gzip:   0.32 kB
node_modules/.nitro/vite/services/ssr/assets/rolldown-runtime-Bl3dcgcQ.js                        0.63 kB │ gzip:   0.38 kB
node_modules/.nitro/vite/services/ssr/assets/team-B0jjlYVb.js                                    0.66 kB │ gzip:   0.39 kB
node_modules/.nitro/vite/services/ssr/assets/auth.functions-DCnvIJfm.js                          0.66 kB │ gzip:   0.41 kB
node_modules/.nitro/vite/services/ssr/assets/textarea-1llmCJsE.js                                0.67 kB │ gzip:   0.42 kB
node_modules/.nitro/vite/services/ssr/assets/usePermissions-DxcqEqNf.js                          0.67 kB │ gzip:   0.36 kB
node_modules/.nitro/vite/services/ssr/assets/preferences-DZvRIPiU.js                             0.68 kB │ gzip:   0.38 kB
node_modules/.nitro/vite/services/ssr/assets/portal-publication-badge-CVEegTrW.js                0.68 kB │ gzip:   0.39 kB
node_modules/.nitro/vite/services/ssr/assets/badge.dto-mBhzTb-a.js                               0.68 kB │ gzip:   0.33 kB
node_modules/.nitro/vite/services/ssr/assets/organizations.shared-CPwJ-2WO.js                    0.68 kB │ gzip:   0.39 kB
node_modules/.nitro/vite/services/ssr/assets/update-portal-group.dto-DIioHFZU.js                 0.68 kB │ gzip:   0.28 kB
node_modules/.nitro/vite/services/ssr/assets/string-fIELz12K.js                                  0.69 kB │ gzip:   0.42 kB
node_modules/.nitro/vite/services/ssr/assets/portals-CkLW0uAq.js                                 0.69 kB │ gzip:   0.40 kB
node_modules/.nitro/vite/services/ssr/assets/submit-button-BBdwu2vb.js                           0.70 kB │ gzip:   0.41 kB
node_modules/.nitro/vite/services/ssr/assets/inbox-D6OftaUb.js                                   0.70 kB │ gzip:   0.41 kB
node_modules/.nitro/vite/services/ssr/assets/property-shared-CmF1v92Y.js                         0.71 kB │ gzip:   0.35 kB
node_modules/.nitro/vite/services/ssr/assets/new-Cn_CqGhT.js                                     0.71 kB │ gzip:   0.41 kB
node_modules/.nitro/vite/services/ssr/assets/notifications-Bw8dTYBk.js                           0.71 kB │ gzip:   0.41 kB
node_modules/.nitro/vite/services/ssr/assets/notifications-type-rows-BAkmdSuy.js                 0.73 kB │ gzip:   0.37 kB
node_modules/.nitro/vite/services/ssr/assets/assert-property-access-uZNYkFP-.js                  0.74 kB │ gzip:   0.40 kB
node_modules/.nitro/vite/services/ssr/assets/portal-link-category.dto-BYKBhYwW.js                0.74 kB │ gzip:   0.31 kB
node_modules/.nitro/vite/services/ssr/assets/notifications-GyyTJjiI.js                           0.75 kB │ gzip:   0.33 kB
node_modules/.nitro/vite/services/ssr/assets/status-oEiBvyMd.js                                  0.76 kB │ gzip:   0.47 kB
node_modules/.nitro/vite/services/ssr/assets/useServerFn-BzvhNaEt.js                             0.77 kB │ gzip:   0.45 kB
node_modules/.nitro/vite/services/ssr/assets/_teamId-7SIsUmoU.js                                 0.78 kB │ gzip:   0.37 kB
node_modules/.nitro/vite/services/ssr/assets/empty-state-CDZolrpN.js                             0.78 kB │ gzip:   0.38 kB
node_modules/.nitro/vite/services/ssr/assets/update-team.dto-45MJOCBh.js                         0.78 kB │ gzip:   0.32 kB
node_modules/.nitro/vite/services/ssr/assets/capability-denial-CGuOqDFs.js                       0.79 kB │ gzip:   0.50 kB
node_modules/.nitro/vite/services/ssr/assets/controlled-route-gate-DjFjW7vp.js                   0.83 kB │ gzip:   0.44 kB
node_modules/.nitro/vite/services/ssr/assets/dashboard.dto-C8BQvc9n.js                           0.83 kB │ gzip:   0.37 kB
node_modules/.nitro/vite/services/ssr/assets/create-property.dto-BN6AlYix.js                     0.84 kB │ gzip:   0.45 kB
node_modules/.nitro/vite/services/ssr/assets/page-shell-CueEen7p.js                              0.84 kB │ gzip:   0.55 kB
node_modules/.nitro/vite/services/ssr/assets/unavailable-CZqtQtPi.js                             0.88 kB │ gzip:   0.47 kB
node_modules/.nitro/vite/services/ssr/assets/public-api-Bol3-J2-.js                              0.88 kB │ gzip:   0.35 kB
node_modules/.nitro/vite/services/ssr/assets/reviews-C_lYuh3o.js                                 0.91 kB │ gzip:   0.49 kB
node_modules/.nitro/vite/services/ssr/assets/security-DiBuC3RV.js                                0.93 kB │ gzip:   0.48 kB
node_modules/.nitro/vite/services/ssr/assets/inbox-BFg_syK-.js                                   0.96 kB │ gzip:   0.48 kB
node_modules/.nitro/vite/services/ssr/assets/input-Eoxj_Amd.js                                   0.97 kB │ gzip:   0.54 kB
node_modules/.nitro/vite/services/ssr/assets/_propertyId-BS5F7HV5.js                             0.97 kB │ gzip:   0.51 kB
node_modules/.nitro/vite/services/ssr/assets/form-text-field-B-K33k8Y.js                         0.98 kB │ gzip:   0.50 kB
node_modules/.nitro/vite/services/ssr/assets/portal-link.dto-4H_8Rw3r.js                         0.99 kB │ gzip:   0.35 kB
node_modules/.nitro/vite/services/ssr/assets/controlled-route-check-1mxIYewn.js                  1.04 kB │ gzip:   0.49 kB
node_modules/.nitro/vite/services/ssr/assets/slug-CwY3qClh.js                                    1.06 kB │ gzip:   0.62 kB
node_modules/.nitro/vite/services/ssr/assets/badges-Bzk-_VAQ.js                                  1.09 kB │ gzip:   0.50 kB
node_modules/.nitro/vite/services/ssr/assets/accept-invitation-BdzR8nyQ.js                       1.10 kB │ gzip:   0.51 kB
node_modules/.nitro/vite/services/ssr/assets/auth-settings-B1HCzvYW.js                           1.11 kB │ gzip:   0.54 kB
node_modules/.nitro/vite/services/ssr/assets/form-textarea-CJN-Y0OI.js                           1.11 kB │ gzip:   0.57 kB
node_modules/.nitro/vite/services/ssr/assets/kysely-migration-tables-JkVUjPF_-DBGfndrT.js        1.11 kB │ gzip:   0.61 kB
node_modules/.nitro/vite/services/ssr/assets/update-property.dto-CT93lXCA.js                     1.12 kB │ gzip:   0.57 kB
node_modules/.nitro/vite/services/ssr/assets/capability-set-CZkuknG6.js                          1.15 kB │ gzip:   0.55 kB
node_modules/.nitro/vite/services/ssr/assets/dashboard-DSMN7N_N.js                               1.15 kB │ gzip:   0.63 kB
node_modules/.nitro/vite/services/ssr/assets/leaderboard-tQ_zZw81.js                             1.15 kB │ gzip:   0.54 kB
node_modules/.nitro/vite/services/ssr/assets/checkbox-Ci0aPjZ1.js                                1.16 kB │ gzip:   0.56 kB
node_modules/.nitro/vite/services/ssr/assets/traced-server-fn-kZqkP_XW.js                        1.17 kB │ gzip:   0.60 kB
node_modules/.nitro/vite/services/ssr/assets/new-Bt7dbXS4.js                                     1.17 kB │ gzip:   0.53 kB
node_modules/.nitro/vite/services/ssr/assets/contracts-DzkinvK2.js                               1.17 kB │ gzip:   0.49 kB
node_modules/.nitro/vite/services/ssr/assets/_propertyId-gmKbVg3D.js                             1.18 kB │ gzip:   0.59 kB
node_modules/.nitro/vite/services/ssr/assets/error-helpers-IRMmXwGX.js                           1.19 kB │ gzip:   0.62 kB
node_modules/.nitro/vite/services/ssr/assets/team-D1F7Jhhc.js                                    1.19 kB │ gzip:   0.53 kB
node_modules/.nitro/vite/services/ssr/assets/members-BTBovj4G.js                                 1.21 kB │ gzip:   0.54 kB
node_modules/.nitro/vite/services/ssr/assets/_goalId-C19h5ewH.js                                 1.21 kB │ gzip:   0.57 kB
node_modules/.nitro/vite/services/ssr/assets/leaderboards--HzRcuUm.js                            1.27 kB │ gzip:   0.52 kB
node_modules/.nitro/vite/services/ssr/assets/property-scope-Dl2I2l7X.js                          1.27 kB │ gzip:   0.45 kB
node_modules/.nitro/vite/services/ssr/assets/goals-Cc4nNR0E.js                                   1.28 kB │ gzip:   0.61 kB
node_modules/.nitro/vite/services/ssr/assets/reviews-DGx2w9vh.js                                 1.34 kB │ gzip:   0.59 kB
node_modules/.nitro/vite/services/ssr/assets/leaderboard.dto-DKMy0vwC.js                         1.34 kB │ gzip:   0.54 kB
node_modules/.nitro/vite/services/ssr/assets/update-portal.dto-BaDLsV1O.js                       1.35 kB │ gzip:   0.47 kB
node_modules/.nitro/vite/services/ssr/assets/accept-invitation-BfKDjWtN.js                       1.41 kB │ gzip:   0.66 kB
node_modules/.nitro/vite/services/ssr/assets/dashboard-DevwDB3h.js                               1.43 kB │ gzip:   0.64 kB
node_modules/.nitro/vite/services/ssr/assets/recognition-CLc4s8XQ.js                             1.43 kB │ gzip:   0.65 kB
node_modules/.nitro/vite/services/ssr/assets/alert-B7ny9Sdz.js                                   1.44 kB │ gzip:   0.64 kB
node_modules/.nitro/vite/services/ssr/assets/google-connections-BAy1e_j1.js                      1.46 kB │ gzip:   0.66 kB
node_modules/.nitro/vite/services/ssr/assets/progress-BLfz98br.js                                1.49 kB │ gzip:   0.69 kB
node_modules/.nitro/vite/services/ssr/assets/_teamId-CN8oaIjR.js                                 1.49 kB │ gzip:   0.67 kB
node_modules/.nitro/vite/services/ssr/assets/organization-lDxi7Q9V.js                            1.51 kB │ gzip:   0.65 kB
node_modules/.nitro/vite/services/ssr/assets/_token-Dl0wRK8x.js                                  1.51 kB │ gzip:   0.86 kB
node_modules/.nitro/vite/services/ssr/assets/team-ibarm5ZD.js                                    1.52 kB │ gzip:   0.68 kB
node_modules/.nitro/vite/services/ssr/assets/page-states-uYbOuG_p.js                             1.52 kB │ gzip:   0.72 kB
node_modules/.nitro/vite/services/ssr/assets/_token-D7QahHsO.js                                  1.53 kB │ gzip:   0.87 kB
node_modules/.nitro/vite/services/ssr/assets/register-tb6Ts9BW.js                                1.54 kB │ gzip:   0.70 kB
node_modules/.nitro/vite/services/ssr/assets/update-connection-visibility.dto-BGWYe_bI.js        1.54 kB │ gzip:   0.63 kB
node_modules/.nitro/vite/services/ssr/assets/new-C6Q5PStf.js                                     1.55 kB │ gzip:   0.70 kB
node_modules/.nitro/vite/services/ssr/assets/badge-DyPN8GFP.js                                   1.59 kB │ gzip:   0.74 kB
node_modules/.nitro/vite/services/ssr/assets/profile-BrP6Bjv7.js                                 1.61 kB │ gzip:   0.69 kB
node_modules/.nitro/vite/services/ssr/assets/login-Ck1Yf9EF.js                                   1.63 kB │ gzip:   0.79 kB
node_modules/.nitro/vite/services/ssr/assets/join-DT4dh2m6.js                                    1.64 kB │ gzip:   0.76 kB
node_modules/.nitro/vite/services/ssr/assets/staff-goals-C-fusT6h.js                             1.64 kB │ gzip:   0.75 kB
node_modules/.nitro/vite/services/ssr/assets/integrations-B21ka8dc.js                            1.66 kB │ gzip:   0.71 kB
node_modules/.nitro/vite/services/ssr/assets/staff-portals-QdBFstcJ.js                           1.68 kB │ gzip:   0.75 kB
node_modules/.nitro/vite/services/ssr/assets/property-trend-CjXIZbvI.js                          1.69 kB │ gzip:   0.75 kB
node_modules/.nitro/vite/services/ssr/assets/recognition-B8zsEiLB.js                             1.69 kB │ gzip:   0.71 kB
node_modules/.nitro/vite/services/ssr/assets/auth-layout-BS_E38Cb.js                             1.70 kB │ gzip:   0.70 kB
node_modules/.nitro/vite/services/ssr/assets/_portalId-BQ8CiDb1.js                               1.70 kB │ gzip:   0.93 kB
node_modules/.nitro/vite/services/ssr/assets/members-UD6x0G3X.js                                 1.73 kB │ gzip:   0.73 kB
node_modules/.nitro/vite/services/ssr/assets/middleware-IoVxCHYp.js                              1.73 kB │ gzip:   0.75 kB
node_modules/.nitro/vite/services/ssr/assets/_importId-Bf-udi9e.js                               1.75 kB │ gzip:   0.72 kB
node_modules/.nitro/vite/services/ssr/assets/import-google-Ca6cm9g1.js                           1.76 kB │ gzip:   0.78 kB
node_modules/.nitro/vite/services/ssr/assets/staff-recent-activity-BM0kuxMC.js                   1.78 kB │ gzip:   0.78 kB
node_modules/.nitro/vite/services/ssr/assets/card-B-jYeREU.js                                    1.82 kB │ gzip:   0.58 kB
node_modules/.nitro/vite/services/ssr/assets/_teamId-Bj3v6q2G.js                                 1.83 kB │ gzip:   0.75 kB
node_modules/.nitro/vite/services/ssr/assets/client-ip-lyI_u71-.js                               1.85 kB │ gzip:   0.86 kB
node_modules/.nitro/vite/services/ssr/assets/use-action-jEOPgTrQ.js                              1.87 kB │ gzip:   0.83 kB
node_modules/.nitro/vite/services/ssr/assets/reply-read-DvC_rIBm.js                              1.89 kB │ gzip:   0.85 kB
node_modules/.nitro/vite/services/ssr/assets/trace-CJRgbzFd.js                                   1.97 kB │ gzip:   0.77 kB
node_modules/.nitro/vite/services/ssr/assets/theme-toggle-QIqoX5z8.js                            1.98 kB │ gzip:   0.85 kB
node_modules/.nitro/vite/services/ssr/assets/table-DiO455cd.js                                   2.00 kB │ gzip:   0.65 kB
node_modules/.nitro/vite/services/ssr/assets/google-auth-url-CFdAdo4P.js                         2.01 kB │ gzip:   0.90 kB
node_modules/.nitro/vite/services/ssr/assets/use-action-mutation-eQQVqTIc.js                     2.07 kB │ gzip:   0.99 kB
node_modules/.nitro/vite/services/ssr/assets/portal-groups-CYG9S8mo.js                           2.09 kB │ gzip:   0.78 kB
node_modules/.nitro/vite/services/ssr/assets/form-error-banner-DYZJYW-w.js                       2.09 kB │ gzip:   0.97 kB
node_modules/.nitro/vite/services/ssr/assets/new-CeHNS0Gq.js                                     2.11 kB │ gzip:   0.89 kB
node_modules/.nitro/vite/services/ssr/assets/sqlite-adapter-EMgr8Uqc.js                          2.12 kB │ gzip:   0.83 kB
node_modules/.nitro/vite/services/ssr/assets/auth.functions-eKkyZIur.js                          2.14 kB │ gzip:   0.84 kB
node_modules/.nitro/vite/services/ssr/assets/button-DqfMt1VT.js                                  2.16 kB │ gzip:   0.91 kB
node_modules/.nitro/vite/services/ssr/assets/gbp-import-C7qMn-G1.js                              2.17 kB │ gzip:   0.77 kB
node_modules/.nitro/vite/services/ssr/assets/route-queries-DePhiss6.js                           2.18 kB │ gzip:   0.88 kB
node_modules/.nitro/vite/services/ssr/assets/notification-policy-CH_MKfTt.js                     2.22 kB │ gzip:   1.10 kB
node_modules/.nitro/vite/services/ssr/assets/inbox.dto-DOHsZbQh.js                               2.28 kB │ gzip:   0.70 kB
node_modules/.nitro/vite/services/ssr/assets/routes-u1XARXx-.js                                  2.30 kB │ gzip:   1.03 kB
node_modules/.nitro/vite/services/ssr/assets/portal-analytics-LtvGxDzc.js                        2.31 kB │ gzip:   0.95 kB
node_modules/.nitro/vite/services/ssr/assets/_importId-CYVAj89_.js                               2.31 kB │ gzip:   0.92 kB
node_modules/.nitro/vite/services/ssr/assets/ai-Ccbj5gri.js                                      2.33 kB │ gzip:   0.96 kB
node_modules/.nitro/vite/services/ssr/assets/invitation.dto-_qmDvh_U.js                          2.38 kB │ gzip:   0.73 kB
node_modules/.nitro/vite/services/ssr/assets/portals-BotnC-Y0.js                                 2.44 kB │ gzip:   0.93 kB
node_modules/.nitro/vite/services/ssr/assets/reply-read-DPL6uIKg.js                              2.46 kB │ gzip:   1.08 kB
node_modules/.nitro/vite/services/ssr/assets/-inbox-fns-D1uYNOOD.js                              2.48 kB │ gzip:   1.00 kB
node_modules/.nitro/vite/services/ssr/assets/permissions-CLo8oEI7.js                             2.49 kB │ gzip:   1.07 kB
node_modules/.nitro/vite/services/ssr/assets/_portalId-CUQarYLM.js                               2.50 kB │ gzip:   1.20 kB
node_modules/.nitro/vite/services/ssr/assets/organizations.update-o2RqLKjW.js                    2.51 kB │ gzip:   1.00 kB
node_modules/.nitro/vite/services/ssr/assets/staff-dashboard-CQRC_Bko.js                         2.54 kB │ gzip:   1.07 kB
node_modules/.nitro/vite/services/ssr/assets/dashboard-BwVEHhXI.js                               2.64 kB │ gzip:   1.10 kB
node_modules/.nitro/vite/services/ssr/assets/_teamId-IbcsfVaU.js                                 2.65 kB │ gzip:   1.01 kB
node_modules/.nitro/vite/services/ssr/assets/_propertyId-iRXAbs6l.js                             2.65 kB │ gzip:   1.00 kB
node_modules/.nitro/vite/services/ssr/assets/property-aggregates-BjB65Lv3.js                     2.66 kB │ gzip:   1.26 kB
node_modules/.nitro/vite/services/ssr/assets/attention-signals-BExjiCzL.js                       2.68 kB │ gzip:   1.07 kB
node_modules/.nitro/vite/services/ssr/assets/governed-goals-CqSEZfGl.js                          2.69 kB │ gzip:   0.97 kB
node_modules/.nitro/vite/services/ssr/assets/progress-CqHsaIbw.js                                2.70 kB │ gzip:   1.02 kB
node_modules/.nitro/vite/services/ssr/assets/dropdown-menu-CF979_nr.js                           2.77 kB │ gzip:   0.92 kB
node_modules/.nitro/vite/services/ssr/assets/properties-CVLpqwDG.js                              2.79 kB │ gzip:   0.90 kB
node_modules/.nitro/vite/services/ssr/assets/inbox-item-queries-BeIjJrzZ.js                      2.79 kB │ gzip:   0.90 kB
node_modules/.nitro/vite/services/ssr/assets/ai-DRXaFHbp.js                                      2.84 kB │ gzip:   1.27 kB
node_modules/.nitro/vite/services/ssr/assets/import-google-Cinaymbl.js                           2.85 kB │ gzip:   1.15 kB
node_modules/.nitro/vite/services/ssr/assets/inbox-item-actions-DDK-prhQ.js                      2.89 kB │ gzip:   0.95 kB
node_modules/.nitro/vite/services/ssr/assets/notifications-dfUDyp_G.js                           2.92 kB │ gzip:   1.11 kB
node_modules/.nitro/vite/services/ssr/assets/teams-Q6anyes9.js                                   2.93 kB │ gzip:   1.06 kB
node_modules/.nitro/vite/services/ssr/assets/reply-suggestion-BrMTbZyR.js                        2.95 kB │ gzip:   1.19 kB
node_modules/.nitro/vite/services/ssr/assets/people-jgOmLZjB.js                                  2.96 kB │ gzip:   0.96 kB
node_modules/.nitro/vite/services/ssr/assets/fleet-overview-Du-bG7pU.js                          2.99 kB │ gzip:   1.21 kB
node_modules/.nitro/vite/services/ssr/assets/_teamId-BzFPhnai.js                                 3.06 kB │ gzip:   1.12 kB
node_modules/.nitro/vite/services/ssr/assets/field-LC-Pmrws.js                                   3.07 kB │ gzip:   1.07 kB
node_modules/.nitro/vite/services/ssr/assets/activity-Ck_QYC8o.js                                3.09 kB │ gzip:   1.04 kB
node_modules/.nitro/vite/services/ssr/assets/organizations.response-sla-C86d9ohw.js              3.15 kB │ gzip:   1.14 kB
node_modules/.nitro/vite/services/ssr/assets/inbox-_t0BpjnX.js                                   3.16 kB │ gzip:   1.10 kB
node_modules/.nitro/vite/services/ssr/assets/roles-CZvb9pIw.js                                   3.17 kB │ gzip:   1.47 kB
node_modules/.nitro/vite/services/ssr/assets/google-performance-D8Bh0hIY.js                      3.18 kB │ gzip:   1.02 kB
node_modules/.nitro/vite/services/ssr/assets/tabs-Dx6N2wTy.js                                    3.37 kB │ gzip:   1.04 kB
node_modules/.nitro/vite/services/ssr/assets/property-dashboard-helpers-CravJuUd.js              3.48 kB │ gzip:   1.19 kB
node_modules/.nitro/vite/services/ssr/assets/reply-Bos4lAXh.js                                   3.58 kB │ gzip:   1.02 kB
node_modules/.nitro/vite/services/ssr/assets/organizations.members-Cv0AD-ph.js                   3.59 kB │ gzip:   1.00 kB
node_modules/.nitro/vite/services/ssr/assets/dialog-aCyjoMDO.js                                  3.59 kB │ gzip:   1.09 kB
node_modules/.nitro/vite/services/ssr/assets/reset-password-tPWQ7VC7.js                          3.64 kB │ gzip:   1.18 kB
node_modules/.nitro/vite/services/ssr/assets/property-read-BX9ggZX8.js                           3.65 kB │ gzip:   1.05 kB
node_modules/.nitro/vite/services/ssr/assets/goals-ByRB23nu.js                                   3.72 kB │ gzip:   1.30 kB
node_modules/.nitro/vite/services/ssr/assets/page-header-CLpaujZG.js                             3.76 kB │ gzip:   1.15 kB
node_modules/.nitro/vite/services/ssr/assets/openai-route-output-schemas-R3d6vVn0.js             3.78 kB │ gzip:   1.62 kB
node_modules/.nitro/vite/services/ssr/assets/rules-DV8lWxhX.js                                   3.90 kB │ gzip:   1.24 kB
node_modules/.nitro/vite/services/ssr/assets/d1-sqlite-dialect-BLC8LXE6-eFVtYnVI.js              4.07 kB │ gzip:   1.53 kB
node_modules/.nitro/vite/services/ssr/assets/alert-dialog-n0zixGZR.js                            4.15 kB │ gzip:   1.04 kB
node_modules/.nitro/vite/services/ssr/assets/portals-CIbn7lWu.js                                 4.29 kB │ gzip:   1.49 kB
node_modules/.nitro/vite/services/ssr/assets/organizations.query-BlpheqSw.js                     4.35 kB │ gzip:   1.31 kB
node_modules/.nitro/vite/services/ssr/assets/members-B7RcwZ5i.js                                 4.47 kB │ gzip:   1.50 kB
node_modules/.nitro/vite/services/ssr/assets/organizations.invitations-zvs_Z2Fw.js               4.51 kB │ gzip:   1.18 kB
node_modules/.nitro/vite/services/ssr/assets/notifications-DlLnXDpm.js                           4.56 kB │ gzip:   1.79 kB
node_modules/.nitro/vite/services/ssr/assets/notifications-BYrQGsOw.js                           4.60 kB │ gzip:   1.62 kB
node_modules/.nitro/vite/services/ssr/assets/google-import-v2.dto-CIZxtqIO.js                    4.73 kB │ gzip:   1.88 kB
node_modules/.nitro/vite/services/ssr/assets/bun-sqlite-dialect-BW9W1_Ps-eESL44F2.js             4.75 kB │ gzip:   1.71 kB
node_modules/.nitro/vite/services/ssr/assets/node-sqlite-dialect-fy-McVM8.js                     4.75 kB │ gzip:   1.70 kB
node_modules/.nitro/vite/services/ssr/assets/guest-response-CTFoJ2Yi.js                          4.84 kB │ gzip:   1.24 kB
node_modules/.nitro/vite/services/ssr/assets/reply-draft-DyS_EYyV.js                             4.85 kB │ gzip:   1.22 kB
node_modules/.nitro/vite/services/ssr/assets/inbox-status-BenzCZcR.js                            4.90 kB │ gzip:   1.16 kB
node_modules/.nitro/vite/services/ssr/assets/select-DBByYW-R.js                                  4.94 kB │ gzip:   1.49 kB
node_modules/.nitro/vite/services/ssr/assets/update-organization-BXWGr4ty.js                     5.09 kB │ gzip:   1.64 kB
node_modules/.nitro/vite/services/ssr/assets/properties-CQUBLne9.js                              5.09 kB │ gzip:   1.68 kB
node_modules/.nitro/vite/services/ssr/assets/leaderboards-BU7hKSSZ.js                            5.10 kB │ gzip:   1.11 kB
node_modules/.nitro/vite/services/ssr/assets/auth-settings-CuxgxtD3.js                           5.11 kB │ gzip:   1.54 kB
node_modules/.nitro/vite/services/ssr/assets/leaderboard-kXWDQBlL.js                             5.13 kB │ gzip:   1.42 kB
node_modules/.nitro/vite/services/ssr/assets/sheet-CAoLLMkY.js                                   5.14 kB │ gzip:   1.36 kB
node_modules/.nitro/vite/services/ssr/assets/_portalId-QlLz8585.js                               5.19 kB │ gzip:   1.93 kB
node_modules/.nitro/vite/services/ssr/assets/query-keys-BYJcp9lR.js                              5.19 kB │ gzip:   1.31 kB
node_modules/.nitro/vite/services/ssr/assets/google-connections-Dq4RSHMv.js                      5.45 kB │ gzip:   1.34 kB
node_modules/.nitro/vite/services/ssr/assets/staff-participations-CRz5kbZ6.js                    5.70 kB │ gzip:   1.52 kB
node_modules/.nitro/vite/services/ssr/assets/_goalId-D7_GkLWM.js                                 5.76 kB │ gzip:   1.74 kB
node_modules/.nitro/vite/services/ssr/assets/portal-link-categories-CzzBKzcn.js                  5.79 kB │ gzip:   1.40 kB
node_modules/.nitro/vite/services/ssr/assets/inbox-queries-B1OhfSzC.js                           5.87 kB │ gzip:   1.56 kB
node_modules/.nitro/vite/services/ssr/assets/_token-tlHZikb7.js                                  5.88 kB │ gzip:   2.32 kB
node_modules/.nitro/vite/services/ssr/assets/home-CP5_VaOV.js                                    6.01 kB │ gzip:   1.88 kB
node_modules/.nitro/vite/services/ssr/assets/public-api-2U4hU84k.js                              6.18 kB │ gzip:   2.93 kB
node_modules/.nitro/vite/services/ssr/assets/_token-D7I9OGrO.js                                  6.20 kB │ gzip:   2.54 kB
node_modules/.nitro/vite/services/ssr/assets/new-9sUgSiDX.js                                     6.24 kB │ gzip:   2.06 kB
node_modules/.nitro/vite/services/ssr/assets/governed-goals-BhqFGuzi.js                          6.30 kB │ gzip:   1.70 kB
node_modules/.nitro/vite/services/ssr/assets/badges-s8iMSACn.js                                  6.34 kB │ gzip:   1.62 kB
node_modules/.nitro/vite/services/ssr/assets/organizations-Bb3-gY28.js                           6.37 kB │ gzip:   1.99 kB
node_modules/.nitro/vite/services/ssr/assets/merchant-ai-RpbXtdf9.js                             6.38 kB │ gzip:   1.68 kB
node_modules/.nitro/vite/services/ssr/assets/portal-links-D9HD8tdl.js                            6.64 kB │ gzip:   1.55 kB
node_modules/.nitro/vite/services/ssr/assets/start-DorajmTu.js                                   6.65 kB │ gzip:   2.67 kB
node_modules/.nitro/vite/services/ssr/assets/env-impl-BNYVKL4x.js                                7.08 kB │ gzip:   2.64 kB
node_modules/.nitro/vite/services/ssr/assets/guest-scans-Czc3RNTR.js                             7.23 kB │ gzip:   2.31 kB
node_modules/.nitro/vite/services/ssr/assets/chart-OjJg7RMY.js                                   7.42 kB │ gzip:   2.39 kB
node_modules/.nitro/vite/services/ssr/assets/_portalId-BU65W3qC.js                               7.48 kB │ gzip:   2.73 kB
node_modules/.nitro/vite/services/ssr/assets/organizations.registration-CyoVe0kP.js              7.64 kB │ gzip:   2.07 kB
node_modules/.nitro/vite/services/ssr/assets/organizations.upload-KoGR6hPB.js                    8.45 kB │ gzip:   2.06 kB
node_modules/.nitro/vite/services/ssr/assets/reply-language-catalogue-DMDh-xkF.js                8.70 kB │ gzip:   3.06 kB
node_modules/.nitro/vite/services/ssr/assets/portal-groups-Canq7FFU.js                           9.28 kB │ gzip:   1.89 kB
node_modules/.nitro/vite/services/ssr/assets/notification-templates-Ep57BAxv.js                  9.56 kB │ gzip:   3.23 kB
node_modules/.nitro/vite/services/ssr/assets/gbp-import-Bun-Kybm.js                             10.08 kB │ gzip:   2.04 kB
node_modules/.nitro/vite/services/ssr/assets/fleet-overview-CqnR7KPe.js                         10.28 kB │ gzip:   3.22 kB
node_modules/.nitro/vite/services/ssr/assets/_authenticated-CGxxCpUD.js                         10.35 kB │ gzip:   3.52 kB
node_modules/.nitro/vite/services/ssr/assets/logger-CnOHDd5Q.js                                 10.90 kB │ gzip:   3.86 kB
node_modules/.nitro/vite/services/ssr/assets/image-upload-field-Cqs21te2.js                     11.02 kB │ gzip:   2.96 kB
node_modules/.nitro/vite/services/ssr/assets/policy-admin-BkjWrF_F.js                           11.46 kB │ gzip:   2.10 kB
node_modules/.nitro/vite/services/ssr/assets/beta-capabilities-S2eUvu3p.js                      11.80 kB │ gzip:   3.85 kB
node_modules/.nitro/vite/services/ssr/assets/home-DcutCbRV.js                                   12.09 kB │ gzip:   3.30 kB
node_modules/.nitro/vite/services/ssr/assets/merchant-ai-notice.dto-CJdiNPRL.js                 12.27 kB │ gzip:   4.08 kB
node_modules/.nitro/vite/services/ssr/assets/public-aIMmDsni.js                                 12.62 kB │ gzip:   3.31 kB
node_modules/.nitro/vite/services/ssr/assets/teams-C3rVNuBy.js                                  13.38 kB │ gzip:   2.87 kB
node_modules/.nitro/vite/services/ssr/assets/notifications-BtbPcyzd.js                          13.79 kB │ gzip:   2.93 kB
node_modules/.nitro/vite/services/ssr/assets/execution-policy-jgxhiWeK.js                       14.34 kB │ gzip:   3.94 kB
node_modules/.nitro/vite/services/ssr/assets/portals-DWvfXyIL.js                                14.53 kB │ gzip:   2.99 kB
node_modules/.nitro/vite/services/ssr/assets/dist-rvQgHjMB.js                                   14.70 kB │ gzip:   4.16 kB
node_modules/.nitro/vite/services/ssr/assets/organization-CX61m-RT.js                           14.81 kB │ gzip:   4.07 kB
node_modules/.nitro/vite/services/ssr/assets/sidebar-DMnn5SCG.js                                15.07 kB │ gzip:   3.98 kB
node_modules/.nitro/vite/services/ssr/assets/_tanstack-start-manifest_v-CTWfuhxj.js             19.28 kB │ gzip:   3.50 kB
node_modules/.nitro/vite/services/ssr/assets/team-Cal3kRXb.js                                   20.08 kB │ gzip:   4.87 kB
node_modules/.nitro/vite/services/ssr/assets/headers-XEi1Km4I.js                                24.65 kB │ gzip:   7.27 kB
node_modules/.nitro/vite/services/ssr/assets/portals-CZfkI6XI.js                                25.07 kB │ gzip:   5.93 kB
node_modules/.nitro/vite/services/ssr/assets/_authenticated-BIjxl8Hy.js                         25.83 kB │ gzip:   5.55 kB
node_modules/.nitro/vite/services/ssr/assets/guest-Cgy9-3zR.js                                  27.09 kB │ gzip:   7.75 kB
node_modules/.nitro/vite/services/ssr/assets/-notification-fns-BEHJJS_Q.js                      27.20 kB │ gzip:   7.71 kB
node_modules/.nitro/vite/services/ssr/assets/server-Tc_X9mu_.js                                 29.62 kB │ gzip:   8.10 kB
node_modules/.nitro/vite/services/ssr/assets/people-BYD0Uppu.js                                 33.96 kB │ gzip:   7.78 kB
node_modules/.nitro/vite/services/ssr/assets/auth-client-DS0rrPE1.js                            34.62 kB │ gzip:   8.71 kB
node_modules/.nitro/vite/services/ssr/assets/identity-DABeAVGE.js                               35.01 kB │ gzip:   7.15 kB
node_modules/.nitro/vite/services/ssr/assets/default-query-compiler-pSRH6P1l.js                 43.29 kB │ gzip:   7.81 kB
node_modules/.nitro/vite/services/ssr/assets/settings-BdJxDOQq.js                               48.88 kB │ gzip:  10.82 kB
node_modules/.nitro/vite/services/ssr/assets/error-codes-rmRYCf_T.js                            54.97 kB │ gzip:  15.02 kB
node_modules/.nitro/vite/services/ssr/assets/_propertyId-FqeGmTxS.js                            56.50 kB │ gzip:  14.47 kB
node_modules/.nitro/vite/services/ssr/assets/router-BjOukWcA.js                                 65.96 kB │ gzip:  17.54 kB
node_modules/.nitro/vite/services/ssr/assets/google-import-manager-CL_JICx_.js                  79.03 kB │ gzip:  17.36 kB
node_modules/.nitro/vite/services/ssr/assets/inbox-page-v2-DcmPRchw.js                         127.23 kB │ gzip:  30.23 kB
node_modules/.nitro/vite/services/ssr/assets/portal-Bz2Npv25.js                                143.17 kB │ gzip:  34.21 kB
node_modules/.nitro/vite/services/ssr/assets/dist-B4VRR7wS.js                                  191.00 kB │ gzip:  32.43 kB
node_modules/.nitro/vite/services/ssr/assets/compiled-query-CeyQ0xKn.js                        233.53 kB │ gzip:  38.07 kB
node_modules/.nitro/vite/services/ssr/index.js                                                 240.56 kB │ gzip:  57.42 kB
node_modules/.nitro/vite/services/ssr/assets/factory-Y91kdAyS.js                               360.78 kB │ gzip:  61.45 kB
node_modules/.nitro/vite/services/ssr/assets/auth-CH1W_fzZ.js                                  754.06 kB │ gzip: 159.40 kB
node_modules/.nitro/vite/services/ssr/assets/composition-C5I1K5D4.js                         2,583.78 kB │ gzip: 524.59 kB

✓ built in 1.27s

[nitro] ◐ Building [Nitro] (preset: node-server, compatibility: 2026-08-25)
[nitro] ✔ Generated public .output/public
vite v8.1.4 building nitro environment for production...
[2Ktransforming...✓ 6060 modules transformed.
ℹ Tracing dependencies:
- msgpackr-extract (3.0.4)
- tslib (2.8.1)
- node-gyp-build-optional-packages (5.2.2)
- detect-libc (2.1.2)
- @msgpackr-extract/msgpackr-extract-darwin-arm64 (3.0.4)
✔ Traced 5 dependencies (14 files) in 36ms.
ℹ Ensure your production environment matches the builder OS and architecture (darwin-arm64) to avoid native module issues.
rendering chunks...
computing gzip size...
.output/server/_ssr/domain-2M1QgaRE.mjs                                       0.04 kB │ gzip:   0.06 kB
.output/server/_ssr/public-api-CzEt7hjk.mjs                                   0.05 kB │ gzip:   0.07 kB
.output/server/_ssr/kysely-adapter-BMYn1T6_.mjs                               0.13 kB │ gzip:   0.10 kB
.output/server/_ssr/empty-plugin-adapters-DYp-ajJW.mjs                        0.23 kB │ gzip:   0.16 kB
.output/server/_chunks/core.mjs                                               0.25 kB │ gzip:   0.18 kB
.output/server/_ssr/core-RrmWoKne.mjs                                         0.25 kB │ gzip:   0.20 kB
.output/server/_ssr/tenant-cache-transition-0SH2l_Hr.mjs                      0.27 kB │ gzip:   0.19 kB
.output/server/_ssr/utils-C_uf36nf.mjs                                        0.29 kB │ gzip:   0.21 kB
.output/server/_ssr/errors-Bq--YW6Y.mjs                                       0.34 kB │ gzip:   0.24 kB
.output/server/_libs/radix-ui__number.mjs                                     0.37 kB │ gzip:   0.26 kB
.output/server/_ssr/createServerRpc-IQkH9j26.mjs                              0.38 kB │ gzip:   0.26 kB
.output/server/_ssr/hash-ip.server-BC_HYzoH.mjs                               0.42 kB │ gzip:   0.33 kB
.output/server/_ssr/goals-C9YY_Vi5.mjs                                        0.42 kB │ gzip:   0.27 kB
.output/server/_ssr/profile-uvYIwFiY.mjs                                      0.42 kB │ gzip:   0.28 kB
.output/server/_chunks/pii.mjs                                                0.45 kB │ gzip:   0.31 kB
.output/server/_ssr/useCapabilities-D-vvvdNu.mjs                              0.46 kB │ gzip:   0.30 kB
.output/server/_ssr/google-performance-report-contract-DJCOFRjo.mjs           0.47 kB │ gzip:   0.28 kB
.output/server/_ssr/integrations-DktHo6i_.mjs                                 0.48 kB │ gzip:   0.29 kB
.output/server/_ssr/dashboard-4Y4oAGBy.mjs                                    0.48 kB │ gzip:   0.31 kB
.output/server/_ssr/controlled-route-check-DESdh1OM.mjs                       0.52 kB │ gzip:   0.35 kB
.output/server/_ssr/skeleton-Bp3AM9zJ.mjs                                     0.52 kB │ gzip:   0.35 kB
.output/server/_ssr/createSsrRpc-DF0Bvsnz.mjs                                 0.52 kB │ gzip:   0.33 kB
.output/server/_libs/tanstack__react-store.mjs                                0.54 kB │ gzip:   0.31 kB
.output/server/_ssr/organizations.errors.server-DdRgHACI.mjs                  0.55 kB │ gzip:   0.33 kB
.output/server/_ssr/string-fIELz12K.mjs                                       0.56 kB │ gzip:   0.35 kB
.output/server/_ssr/join-D-jIUXd1.mjs                                         0.57 kB │ gzip:   0.37 kB
.output/server/_ssr/login-BINv3cQE.mjs                                        0.57 kB │ gzip:   0.37 kB
.output/server/_ssr/settings-BceN8_Xr.mjs                                     0.58 kB │ gzip:   0.34 kB
.output/server/_ssr/staff-empty-state-ChzNoLXp.mjs                            0.59 kB │ gzip:   0.36 kB
.output/server/_ssr/inbox-shared-CNdLoMs8.mjs                                 0.62 kB │ gzip:   0.38 kB
.output/server/_ssr/timezones-DU8gdeRy.mjs                                    0.63 kB │ gzip:   0.42 kB
.output/server/_ssr/auth-context-BQZQHCWn.mjs                                 0.63 kB │ gzip:   0.37 kB
.output/server/_ssr/ai-category-labels-ClsT6T3P.mjs                           0.64 kB │ gzip:   0.40 kB
.output/server/_ssr/reset-password-Dmdb1Bsl.mjs                               0.64 kB │ gzip:   0.36 kB
.output/server/_ssr/pii-B_6Q5sON.mjs                                          0.67 kB │ gzip:   0.40 kB
.output/server/_ssr/update-portal-group.dto-DIioHFZU.mjs                      0.67 kB │ gzip:   0.33 kB
.output/server/_ssr/rolldown-runtime-Bl3dcgcQ.mjs                             0.68 kB │ gzip:   0.42 kB
.output/server/_libs/react-email__html.mjs                                    0.68 kB │ gzip:   0.39 kB
.output/server/_ssr/google-performance.dto-DN-KlRPL.mjs                       0.69 kB │ gzip:   0.37 kB
.output/server/_ssr/auth.functions-DCnvIJfm.mjs                               0.70 kB │ gzip:   0.43 kB
.output/server/_ssr/portal-publication-badge-CVEegTrW.mjs                     0.70 kB │ gzip:   0.41 kB
.output/server/_ssr/organizations.shared-CPwJ-2WO.mjs                         0.72 kB │ gzip:   0.42 kB
.output/server/_ssr/usePermissions-DxcqEqNf.mjs                               0.73 kB │ gzip:   0.40 kB
.output/server/_ssr/property-shared-CmF1v92Y.mjs                              0.74 kB │ gzip:   0.38 kB
.output/server/_ssr/notifications-type-rows-BAkmdSuy.mjs                      0.75 kB │ gzip:   0.38 kB
.output/server/_libs/react-email__link.mjs                                    0.76 kB │ gzip:   0.44 kB
.output/server/_ssr/assert-property-access-uZNYkFP-.mjs                       0.76 kB │ gzip:   0.42 kB
.output/server/_ssr/inbox-D6OftaUb.mjs                                        0.76 kB │ gzip:   0.46 kB
.output/server/_ssr/update-team.dto-45MJOCBh.mjs                              0.77 kB │ gzip:   0.37 kB
.output/server/_ssr/notifications-GyyTJjiI.mjs                                0.77 kB │ gzip:   0.34 kB
.output/server/_ssr/badge.dto-mBhzTb-a.mjs                                    0.78 kB │ gzip:   0.39 kB
.output/server/_teamId-7SIsUmoU.mjs                                           0.79 kB │ gzip:   0.37 kB
.output/server/_ssr/status-oEiBvyMd.mjs                                       0.79 kB │ gzip:   0.50 kB
.output/server/_ssr/label-RgPy5fsp.mjs                                        0.80 kB │ gzip:   0.43 kB
.output/server/_ssr/portal-link-category.dto-BYKBhYwW.mjs                     0.80 kB │ gzip:   0.36 kB
.output/server/_ssr/notifications-Bw8dTYBk.mjs                                0.82 kB │ gzip:   0.47 kB
.output/server/_ssr/team-B0jjlYVb.mjs                                         0.83 kB │ gzip:   0.45 kB
.output/server/_ssr/capability-denial-CGuOqDFs.mjs                            0.83 kB │ gzip:   0.53 kB
.output/server/_ssr/portals-CkLW0uAq.mjs                                      0.83 kB │ gzip:   0.46 kB
.output/server/_ssr/useServerFn-BzvhNaEt.mjs                                  0.83 kB │ gzip:   0.46 kB
.output/server/_libs/radix-ui__react-direction.mjs                            0.85 kB │ gzip:   0.45 kB
.output/server/_ssr/new-Cn_CqGhT.mjs                                          0.85 kB │ gzip:   0.46 kB
.output/server/_ssr/preferences-DZvRIPiU.mjs                                  0.85 kB │ gzip:   0.45 kB
.output/server/_chunks/ssr-renderer.mjs                                       0.87 kB │ gzip:   0.46 kB
.output/server/_ssr/controlled-route-gate-DjFjW7vp.mjs                        0.89 kB │ gzip:   0.48 kB
.output/server/_libs/react-email__head.mjs                                    0.90 kB │ gzip:   0.47 kB
.output/server/_ssr/submit-button-BBdwu2vb.mjs                                0.90 kB │ gzip:   0.50 kB
.output/server/_ssr/create-property.dto-BN6AlYix.mjs                          0.90 kB │ gzip:   0.50 kB
.output/server/_ssr/dashboard.dto-C8BQvc9n.mjs                                0.90 kB │ gzip:   0.43 kB
.output/server/_ssr/public-api-Bol3-J2-.mjs                                   0.91 kB │ gzip:   0.37 kB
.output/server/_ssr/reviews-C_lYuh3o.mjs                                      0.95 kB │ gzip:   0.54 kB
.output/server/_ssr/kysely-migration-tables-JkVUjPF_-DBGfndrT.mjs             0.98 kB │ gzip:   0.55 kB
.output/server/_ssr/textarea-1llmCJsE.mjs                                     0.99 kB │ gzip:   0.54 kB
.output/server/_ssr/contracts-DzkinvK2.mjs                                    0.99 kB │ gzip:   0.45 kB
.output/server/_ssr/page-shell-CueEen7p.mjs                                   1.00 kB │ gzip:   0.62 kB
.output/server/_libs/react-email__section.mjs                                 1.01 kB │ gzip:   0.48 kB
.output/server/_ssr/empty-state-CDZolrpN.mjs                                  1.03 kB │ gzip:   0.47 kB
.output/server/_ssr/portal-link.dto-4H_8Rw3r.mjs                              1.04 kB │ gzip:   0.41 kB
.output/server/_propertyId-BS5F7HV5.mjs                                       1.04 kB │ gzip:   0.57 kB
.output/server/_ssr/controlled-route-check-1mxIYewn.mjs                       1.06 kB │ gzip:   0.52 kB
.output/server/_libs/react-email__container.mjs                               1.09 kB │ gzip:   0.51 kB
.output/server/_ssr/unavailable-CZqtQtPi.mjs                                  1.10 kB │ gzip:   0.55 kB
.output/server/_ssr/security-DiBuC3RV.mjs                                     1.11 kB │ gzip:   0.55 kB
.output/server/_ssr/badges-Bzk-_VAQ.mjs                                       1.12 kB │ gzip:   0.52 kB
.output/server/_ssr/new-Bt7dbXS4.mjs                                          1.12 kB │ gzip:   0.57 kB
.output/server/_ssr/slug-CwY3qClh.mjs                                         1.13 kB │ gzip:   0.68 kB
.output/server/_ssr/inbox-BFg_syK-.mjs                                        1.13 kB │ gzip:   0.56 kB
.output/server/_libs/radix-ui__react-label.mjs                                1.14 kB │ gzip:   0.60 kB
.output/server/_libs/atomic-sleep.mjs                                         1.15 kB │ gzip:   0.48 kB
.output/server/_ssr/input-Eoxj_Amd.mjs                                        1.16 kB │ gzip:   0.60 kB
.output/server/_ssr/capability-set-CZkuknG6.mjs                               1.17 kB │ gzip:   0.57 kB
.output/server/_goalId-C19h5ewH.mjs                                           1.18 kB │ gzip:   0.61 kB
.output/server/_ssr/auth-settings-B1HCzvYW.mjs                                1.18 kB │ gzip:   0.59 kB
.output/server/_ssr/update-property.dto-CT93lXCA.mjs                          1.18 kB │ gzip:   0.62 kB
.output/server/_libs/hookable.mjs                                             1.19 kB │ gzip:   0.53 kB
.output/server/_ssr/traced-server-fn-kZqkP_XW.mjs                             1.20 kB │ gzip:   0.62 kB
.output/server/_libs/radix-ui__react-arrow.mjs                                1.20 kB │ gzip:   0.63 kB
.output/server/_ssr/form-text-field-B-K33k8Y.mjs                              1.20 kB │ gzip:   0.58 kB
.output/server/_ssr/error-helpers-IRMmXwGX.mjs                                1.22 kB │ gzip:   0.64 kB
.output/server/_ssr/dashboard-DSMN7N_N.mjs                                    1.24 kB │ gzip:   0.67 kB
.output/server/_ssr/leaderboard-tQ_zZw81.mjs                                  1.26 kB │ gzip:   0.60 kB
.output/server/_ssr/accept-invitation-BdzR8nyQ.mjs                            1.26 kB │ gzip:   0.57 kB
.output/server/_libs/react-email__preview.mjs                                 1.28 kB │ gzip:   0.67 kB
.output/server/_ssr/goals-Cc4nNR0E.mjs                                        1.29 kB │ gzip:   0.66 kB
.output/server/_ssr/leaderboards--HzRcuUm.mjs                                 1.29 kB │ gzip:   0.54 kB
.output/server/_ssr/property-scope-Dl2I2l7X.mjs                               1.30 kB │ gzip:   0.48 kB
.output/server/_ssr/members-BTBovj4G.mjs                                      1.31 kB │ gzip:   0.59 kB
.output/server/_ssr/update-portal.dto-BaDLsV1O.mjs                            1.31 kB │ gzip:   0.52 kB
.output/server/_ssr/form-textarea-CJN-Y0OI.mjs                                1.33 kB │ gzip:   0.66 kB
.output/server/_ssr/team-D1F7Jhhc.mjs                                         1.34 kB │ gzip:   0.60 kB
.output/server/_ssr/leaderboard.dto-DKMy0vwC.mjs                              1.42 kB │ gzip:   0.61 kB
.output/server/_propertyId-gmKbVg3D.mjs                                       1.43 kB │ gzip:   0.66 kB
.output/server/_ssr/update-connection-visibility.dto-BGWYe_bI.mjs             1.44 kB │ gzip:   0.68 kB
.output/server/_ssr/accept-invitation-BfKDjWtN.mjs                            1.44 kB │ gzip:   0.70 kB
.output/server/_ssr/checkbox-Ci0aPjZ1.mjs                                     1.47 kB │ gzip:   0.63 kB
.output/server/_ssr/reviews-DGx2w9vh.mjs                                      1.49 kB │ gzip:   0.67 kB
.output/server/_ssr/organization-lDxi7Q9V.mjs                                 1.50 kB │ gzip:   0.66 kB
.output/server/_token-Dl0wRK8x.mjs                                            1.54 kB │ gzip:   0.88 kB
.output/server/_ssr/google-connections-BAy1e_j1.mjs                           1.54 kB │ gzip:   0.70 kB
.output/server/_ssr/recognition-CLc4s8XQ.mjs                                  1.54 kB │ gzip:   0.71 kB
.output/server/_ssr/progress-BLfz98br.mjs                                     1.54 kB │ gzip:   0.73 kB
.output/server/_token-D7QahHsO.mjs                                            1.54 kB │ gzip:   0.89 kB
.output/server/_libs/react-email__heading.mjs                                 1.60 kB │ gzip:   0.72 kB
.output/server/_libs/radix-ui__react-separator.mjs                            1.60 kB │ gzip:   0.73 kB
.output/server/_ssr/team-ibarm5ZD.mjs                                         1.68 kB │ gzip:   0.75 kB
.output/server/_teamId-CN8oaIjR.mjs                                           1.69 kB │ gzip:   0.76 kB
.output/server/_ssr/alert-B7ny9Sdz.mjs                                        1.71 kB │ gzip:   0.70 kB
.output/server/_ssr/staff-goals-C-fusT6h.mjs                                  1.71 kB │ gzip:   0.81 kB
.output/server/_ssr/members-UD6x0G3X.mjs                                      1.72 kB │ gzip:   0.77 kB
.output/server/_importId-Bf-udi9e.mjs                                         1.72 kB │ gzip:   0.76 kB
.output/server/_ssr/new-C6Q5PStf.mjs                                          1.74 kB │ gzip:   0.78 kB
.output/server/_ssr/staff-portals-QdBFstcJ.mjs                                1.75 kB │ gzip:   0.81 kB
.output/server/_ssr/property-trend-CjXIZbvI.mjs                               1.76 kB │ gzip:   0.81 kB
.output/server/_ssr/middleware-IoVxCHYp.mjs                                   1.77 kB │ gzip:   0.78 kB
.output/server/_libs/react-email__body.mjs                                    1.78 kB │ gzip:   0.71 kB
.output/server/_ssr/badge-DyPN8GFP.mjs                                        1.78 kB │ gzip:   0.80 kB
.output/server/_ssr/import-google-Ca6cm9g1.mjs                                1.79 kB │ gzip:   0.82 kB
.output/server/_ssr/dashboard-DevwDB3h.mjs                                    1.80 kB │ gzip:   0.77 kB
.output/server/_ssr/profile-BrP6Bjv7.mjs                                      1.81 kB │ gzip:   0.76 kB
.output/server/_ssr/register-tb6Ts9BW.mjs                                     1.83 kB │ gzip:   0.79 kB
.output/server/_ssr/staff-recent-activity-BM0kuxMC.mjs                        1.85 kB │ gzip:   0.83 kB
.output/server/_portalId-BQ8CiDb1.mjs                                         1.85 kB │ gzip:   0.99 kB
.output/server/_ssr/sqlite-adapter-EMgr8Uqc.mjs                               1.85 kB │ gzip:   0.80 kB
.output/server/_ssr/page-states-uYbOuG_p.mjs                                  1.86 kB │ gzip:   0.80 kB
.output/server/_libs/radix-ui__primitive.mjs                                  1.87 kB │ gzip:   0.74 kB
.output/server/_ssr/integrations-B21ka8dc.mjs                                 1.88 kB │ gzip:   0.77 kB
.output/server/_ssr/client-ip-lyI_u71-.mjs                                    1.88 kB │ gzip:   0.88 kB
.output/server/_runtime.mjs                                                   1.89 kB │ gzip:   0.86 kB
.output/server/_ssr/login-Ck1Yf9EF.mjs                                        1.90 kB │ gzip:   0.87 kB
.output/server/_ssr/recognition-B8zsEiLB.mjs                                  1.92 kB │ gzip:   0.78 kB
.output/server/_ssr/join-DT4dh2m6.mjs                                         1.93 kB │ gzip:   0.84 kB
.output/server/_ssr/reply-read-DvC_rIBm.mjs                                   1.96 kB │ gzip:   0.89 kB
.output/server/_ssr/trace-CJRgbzFd.mjs                                        2.00 kB │ gzip:   0.79 kB
.output/server/_teamId-Bj3v6q2G.mjs                                           2.01 kB │ gzip:   0.81 kB
.output/server/_ssr/google-auth-url-CFdAdo4P.mjs                              2.07 kB │ gzip:   0.95 kB
.output/server/_libs/on-exit-leak-free.mjs                                    2.07 kB │ gzip:   0.76 kB
.output/server/_ssr/use-action-jEOPgTrQ.mjs                                   2.13 kB │ gzip:   0.95 kB
.output/server/_ssr/auth-layout-BS_E38Cb.mjs                                  2.15 kB │ gzip:   0.79 kB
.output/server/_ssr/card-B-jYeREU.mjs                                         2.15 kB │ gzip:   0.65 kB
.output/server/_ssr/auth.functions-eKkyZIur.mjs                               2.16 kB │ gzip:   0.87 kB
.output/server/_ssr/portal-groups-CYG9S8mo.mjs                                2.16 kB │ gzip:   0.84 kB
.output/server/_ssr/use-action-mutation-eQQVqTIc.mjs                          2.17 kB │ gzip:   1.05 kB
.output/server/_ssr/gbp-import-C7qMn-G1.mjs                                   2.19 kB │ gzip:   0.79 kB
.output/server/_libs/@tanstack/router-core+[...].mjs                          2.19 kB │ gzip:   0.78 kB
.output/server/_libs/ufo.mjs                                                  2.21 kB │ gzip:   0.72 kB
.output/server/_ssr/route-queries-DePhiss6.mjs                                2.22 kB │ gzip:   0.92 kB
.output/server/_ssr/notification-policy-CH_MKfTt.mjs                          2.24 kB │ gzip:   1.13 kB
.output/server/_ssr/new-CeHNS0Gq.mjs                                          2.31 kB │ gzip:   0.95 kB
.output/server/_ssr/portal-analytics-LtvGxDzc.mjs                             2.32 kB │ gzip:   0.98 kB
.output/server/_ssr/button-DqfMt1VT.mjs                                       2.35 kB │ gzip:   0.96 kB
.output/server/_ssr/table-DiO455cd.mjs                                        2.36 kB │ gzip:   0.72 kB
.output/server/_libs/react-is.mjs                                             2.36 kB │ gzip:   0.82 kB
.output/server/_ssr/form-error-banner-DYZJYW-w.mjs                            2.38 kB │ gzip:   1.05 kB
.output/server/_ssr/theme-toggle-QIqoX5z8.mjs                                 2.39 kB │ gzip:   1.00 kB
.output/server/_ssr/inbox.dto-DOHsZbQh.mjs                                    2.39 kB │ gzip:   0.81 kB
.output/server/_ssr/-inbox-fns-D1uYNOOD.mjs                                   2.41 kB │ gzip:   1.03 kB
.output/server/_ssr/invitation.dto-_qmDvh_U.mjs                               2.43 kB │ gzip:   0.79 kB
.output/server/_ssr/permissions-CLo8oEI7.mjs                                  2.48 kB │ gzip:   1.09 kB
.output/server/_importId-CYVAj89_.mjs                                         2.51 kB │ gzip:   0.97 kB
.output/server/_ssr/reply-read-DPL6uIKg.mjs                                   2.53 kB │ gzip:   1.13 kB
.output/server/_ssr/portals-BotnC-Y0.mjs                                      2.54 kB │ gzip:   0.99 kB
.output/server/_ssr/ai-Ccbj5gri.mjs                                           2.55 kB │ gzip:   1.03 kB
.output/server/_propertyId-iRXAbs6l.mjs                                       2.56 kB │ gzip:   1.03 kB
.output/server/_ssr/organizations.update-o2RqLKjW.mjs                         2.60 kB │ gzip:   1.06 kB
.output/server/_ssr/staff-dashboard-CQRC_Bko.mjs                              2.60 kB │ gzip:   1.13 kB
.output/server/_ssr/dashboard-BwVEHhXI.mjs                                    2.66 kB │ gzip:   1.13 kB
.output/server/_ssr/property-aggregates-BjB65Lv3.mjs                          2.73 kB │ gzip:   1.32 kB
.output/server/_ssr/routes-u1XARXx-.mjs                                       2.73 kB │ gzip:   1.11 kB
.output/server/_ssr/attention-signals-BExjiCzL.mjs                            2.74 kB │ gzip:   1.12 kB
.output/server/_chunks/middleware.mjs                                         2.76 kB │ gzip:   1.16 kB
.output/server/_portalId-CUQarYLM.mjs                                         2.77 kB │ gzip:   1.27 kB
.output/server/_ssr/governed-goals-CqSEZfGl.mjs                               2.78 kB │ gzip:   1.04 kB
.output/server/_ssr/properties-CVLpqwDG.mjs                                   2.80 kB │ gzip:   0.93 kB
.output/server/_ssr/inbox-item-queries-BeIjJrzZ.mjs                           2.81 kB │ gzip:   0.93 kB
.output/server/_teamId-IbcsfVaU.mjs                                           2.88 kB │ gzip:   1.11 kB
.output/server/_ssr/inbox-item-actions-DDK-prhQ.mjs                           2.90 kB │ gzip:   0.98 kB
.output/server/_ssr/ai-DRXaFHbp.mjs                                           2.92 kB │ gzip:   1.33 kB
.output/server/_ssr/teams-Q6anyes9.mjs                                        2.97 kB │ gzip:   1.10 kB
.output/server/_libs/react-email__text.mjs                                    3.03 kB │ gzip:   1.07 kB
.output/server/_ssr/inbox-_t0BpjnX.mjs                                        3.04 kB │ gzip:   1.10 kB
.output/server/_ssr/roles-CZvb9pIw.mjs                                        3.05 kB │ gzip:   1.45 kB
.output/server/_ssr/fleet-overview-Du-bG7pU.mjs                               3.05 kB │ gzip:   1.26 kB
.output/server/_ssr/reply-suggestion-BrMTbZyR.mjs                             3.06 kB │ gzip:   1.26 kB
.output/server/_ssr/import-google-Cinaymbl.mjs                                3.07 kB │ gzip:   1.21 kB
.output/server/_libs/@aws-sdk/credential-provider-web-identity+[...].mjs      3.08 kB │ gzip:   1.06 kB
.output/server/_ssr/people-jgOmLZjB.mjs                                       3.09 kB │ gzip:   1.01 kB
.output/server/_ssr/dropdown-menu-CF979_nr.mjs                                3.13 kB │ gzip:   1.03 kB
.output/server/_ssr/activity-Ck_QYC8o.mjs                                     3.15 kB │ gzip:   1.11 kB
.output/server/_ssr/progress-CqHsaIbw.mjs                                     3.15 kB │ gzip:   1.07 kB
.output/server/_ssr/google-performance-D8Bh0hIY.mjs                           3.19 kB │ gzip:   1.06 kB
.output/server/_ssr/organizations.response-sla-C86d9ohw.mjs                   3.21 kB │ gzip:   1.19 kB
.output/server/_libs/class-variance-authority+clsx.mjs                        3.25 kB │ gzip:   1.27 kB
.output/server/_libs/d3-path.mjs                                              3.28 kB │ gzip:   1.18 kB
.output/server/_ssr/notifications-dfUDyp_G.mjs                                3.35 kB │ gzip:   1.23 kB
.output/server/_teamId-BzFPhnai.mjs                                           3.46 kB │ gzip:   1.22 kB
.output/server/_ssr/field-LC-Pmrws.mjs                                        3.55 kB │ gzip:   1.21 kB
.output/server/_ssr/reply-Bos4lAXh.mjs                                        3.59 kB │ gzip:   1.04 kB
.output/server/_ssr/organizations.members-Cv0AD-ph.mjs                        3.60 kB │ gzip:   1.03 kB
.output/server/_libs/@aws-sdk/credential-provider-process+[...].mjs           3.63 kB │ gzip:   1.12 kB
.output/server/_ssr/tabs-Dx6N2wTy.mjs                                         3.71 kB │ gzip:   1.13 kB
.output/server/_ssr/property-read-BX9ggZX8.mjs                                3.72 kB │ gzip:   1.10 kB
.output/server/_libs/dijkstrajs.mjs                                           3.74 kB │ gzip:   1.55 kB
.output/server/_ssr/rules-DV8lWxhX.mjs                                        3.90 kB │ gzip:   1.28 kB
.output/server/_ssr/openai-route-output-schemas-R3d6vVn0.mjs                  3.91 kB │ gzip:   1.70 kB
.output/server/_libs/better-auth__utils.mjs                                   3.93 kB │ gzip:   1.33 kB
.output/server/_ssr/d1-sqlite-dialect-BLC8LXE6-eFVtYnVI.mjs                   3.94 kB │ gzip:   1.47 kB
.output/server/_ssr/reset-password-tPWQ7VC7.mjs                               4.17 kB │ gzip:   1.26 kB
.output/server/_ssr/property-dashboard-helpers-CravJuUd.mjs                   4.18 kB │ gzip:   1.28 kB
.output/server/_ssr/dialog-aCyjoMDO.mjs                                       4.28 kB │ gzip:   1.20 kB
.output/server/_ssr/goals-ByRB23nu.mjs                                        4.30 kB │ gzip:   1.39 kB
.output/server/_ssr/portals-CIbn7lWu.mjs                                      4.34 kB │ gzip:   1.55 kB
.output/server/_ssr/organizations.query-BlpheqSw.mjs                          4.37 kB │ gzip:   1.34 kB
.output/server/_libs/cluster-key-slot.mjs                                     4.49 kB │ gzip:   1.83 kB
.output/server/_ssr/organizations.invitations-zvs_Z2Fw.mjs                    4.53 kB │ gzip:   1.22 kB
.output/server/_ssr/page-header-CLpaujZG.mjs                                  4.57 kB │ gzip:   1.28 kB
.output/server/_ssr/google-import-v2.dto-CIZxtqIO.mjs                         4.61 kB │ gzip:   1.93 kB
.output/server/_ssr/bun-sqlite-dialect-BW9W1_Ps-eESL44F2.mjs                  4.62 kB │ gzip:   1.66 kB
.output/server/_ssr/node-sqlite-dialect-fy-McVM8.mjs                          4.62 kB │ gzip:   1.64 kB
.output/server/_ssr/notifications-DlLnXDpm.mjs                                4.63 kB │ gzip:   1.86 kB
.output/server/_ssr/alert-dialog-n0zixGZR.mjs                                 4.65 kB │ gzip:   1.16 kB
.output/server/_libs/@tanstack/react-router-ssr-query+[...].mjs               4.70 kB │ gzip:   1.48 kB
.output/server/_ssr/guest-response-CTFoJ2Yi.mjs                               4.86 kB │ gzip:   1.27 kB
.output/server/_ssr/reply-draft-DyS_EYyV.mjs                                  4.87 kB │ gzip:   1.25 kB
.output/server/_ssr/inbox-status-BenzCZcR.mjs                                 4.92 kB │ gzip:   1.18 kB
.output/server/_ssr/update-organization-BXWGr4ty.mjs                          4.93 kB │ gzip:   1.65 kB
.output/server/_libs/aws-sdk__s3-request-presigner.mjs                        5.06 kB │ gzip:   1.60 kB
.output/server/_ssr/auth-settings-CuxgxtD3.mjs                                5.09 kB │ gzip:   1.58 kB
.output/server/_ssr/leaderboards-BU7hKSSZ.mjs                                 5.11 kB │ gzip:   1.14 kB
.output/server/_libs/react-email__button.mjs                                  5.13 kB │ gzip:   1.75 kB
.output/server/_ssr/members-B7RcwZ5i.mjs                                      5.21 kB │ gzip:   1.63 kB
.output/server/_ssr/query-keys-BYJcp9lR.mjs                                   5.23 kB │ gzip:   1.34 kB
.output/server/_ssr/notifications-BYrQGsOw.mjs                                5.23 kB │ gzip:   1.76 kB
.output/server/_ssr/google-connections-Dq4RSHMv.mjs                           5.37 kB │ gzip:   1.35 kB
.output/server/_portalId-QlLz8585.mjs                                         5.38 kB │ gzip:   2.02 kB
.output/server/_token-tlHZikb7.mjs                                            5.47 kB │ gzip:   2.13 kB
.output/server/_libs/d3-interpolate.mjs                                       5.50 kB │ gzip:   1.63 kB
.output/server/_libs/radix-ui__react-collapsible.mjs                          5.67 kB │ gzip:   1.71 kB
.output/server/_ssr/home-CP5_VaOV.mjs                                         5.70 kB │ gzip:   1.85 kB
.output/server/_ssr/staff-participations-CRz5kbZ6.mjs                         5.71 kB │ gzip:   1.57 kB
.output/server/_ssr/properties-CQUBLne9.mjs                                   5.83 kB │ gzip:   1.75 kB
.output/server/_ssr/portal-link-categories-CzzBKzcn.mjs                       5.85 kB │ gzip:   1.45 kB
.output/server/_ssr/sheet-CAoLLMkY.mjs                                        5.87 kB │ gzip:   1.47 kB
.output/server/_ssr/inbox-queries-B1OhfSzC.mjs                                5.89 kB │ gzip:   1.58 kB
.output/server/_ssr/select-DBByYW-R.mjs                                       5.89 kB │ gzip:   1.63 kB
.output/server/_ssr/organizations-Bb3-gY28.mjs                                6.05 kB │ gzip:   2.00 kB
.output/server/_ssr/public-api-2U4hU84k.mjs                                   6.13 kB │ gzip:   2.96 kB
.output/server/_ssr/leaderboard-kXWDQBlL.mjs                                  6.14 kB │ gzip:   1.50 kB
.output/server/_libs/radix-ui__react-tabs.mjs                                 6.23 kB │ gzip:   1.86 kB
.output/server/_ssr/badges-s8iMSACn.mjs                                       6.36 kB │ gzip:   1.65 kB
.output/server/_ssr/governed-goals-BhqFGuzi.mjs                               6.37 kB │ gzip:   1.77 kB
.output/server/_ssr/start-DorajmTu.mjs                                        6.44 kB │ gzip:   2.64 kB
.output/server/_ssr/merchant-ai-RpbXtdf9.mjs                                  6.49 kB │ gzip:   1.75 kB
.output/server/_ssr/env-impl-BNYVKL4x.mjs                                     6.63 kB │ gzip:   2.52 kB
.output/server/_token-D7I9OGrO.mjs                                            6.65 kB │ gzip:   2.67 kB
.output/server/_libs/react-redux+[...].mjs                                    6.68 kB │ gzip:   2.09 kB
.output/server/_goalId-D7_GkLWM.mjs                                           6.70 kB │ gzip:   1.82 kB
.output/server/_ssr/portal-links-D9HD8tdl.mjs                                 6.71 kB │ gzip:   1.61 kB
.output/server/_libs/stablelib__base64.mjs                                    6.76 kB │ gzip:   1.77 kB
.output/server/_libs/@tanstack/devtools-event-client+[...].mjs                6.76 kB │ gzip:   1.72 kB
.output/server/_ssr/new-9sUgSiDX.mjs                                          7.20 kB │ gzip:   2.20 kB
.output/server/_libs/ts-pattern.mjs                                           7.24 kB │ gzip:   2.18 kB
.output/server/_ssr/guest-scans-Czc3RNTR.mjs                                  7.32 kB │ gzip:   2.37 kB
.output/server/_libs/@aws-sdk/credential-provider-http+[...].mjs              7.40 kB │ gzip:   2.29 kB
.output/server/_ssr/organizations.registration-CyoVe0kP.mjs                   7.71 kB │ gzip:   2.11 kB
.output/server/_portalId-BU65W3qC.mjs                                         7.82 kB │ gzip:   2.76 kB
.output/server/_libs/radix-ui__react-switch.mjs                               7.87 kB │ gzip:   2.31 kB
.output/server/_ssr/organizations.upload-KoGR6hPB.mjs                         8.07 kB │ gzip:   2.08 kB
.output/server/_chunks/start.mjs                                              8.13 kB │ gzip:   1.50 kB
.output/server/_ssr/reply-language-catalogue-DMDh-xkF.mjs                     8.18 kB │ gzip:   2.92 kB
.output/server/_ssr/chart-OjJg7RMY.mjs                                        8.22 kB │ gzip:   2.53 kB
.output/server/_libs/eventemitter3.mjs                                        8.32 kB │ gzip:   2.04 kB
.output/server/_libs/d3-array.mjs                                             8.46 kB │ gzip:   2.27 kB
.output/server/_ssr/portal-groups-Canq7FFU.mjs                                9.34 kB │ gzip:   1.94 kB
.output/server/_libs/floating-ui__react-dom.mjs                               9.43 kB │ gzip:   2.72 kB
.output/server/_ssr/notification-templates-Ep57BAxv.mjs                       9.49 kB │ gzip:   3.24 kB
.output/server/_libs/tanstack__react-query.mjs                                9.52 kB │ gzip:   2.18 kB
.output/server/_libs/radix-ui__react-popover.mjs                              9.80 kB │ gzip:   2.49 kB
.output/server/_libs/@radix-ui/react-checkbox+[...].mjs                       9.97 kB │ gzip:   2.82 kB
.output/server/_ssr/gbp-import-Bun-Kybm.mjs                                  10.09 kB │ gzip:   2.06 kB
.output/server/_libs/d3-color.mjs                                            10.45 kB │ gzip:   3.58 kB
.output/server/_libs/fast-sha256.mjs                                         10.49 kB │ gzip:   3.11 kB
.output/server/_libs/tanstack__history.mjs                                   10.67 kB │ gzip:   3.12 kB
.output/server/_libs/@aws-sdk/credential-provider-login+[...].mjs            10.79 kB │ gzip:   3.42 kB
.output/server/_chunks/logger.mjs                                            10.90 kB │ gzip:   3.92 kB
.output/server/_libs/@tanstack/react-start+[...].mjs                         11.05 kB │ gzip:   3.51 kB
.output/server/_libs/d3-format.mjs                                           11.11 kB │ gzip:   3.05 kB
.output/server/_authenticated-CGxxCpUD.mjs                                   11.14 kB │ gzip:   3.62 kB
.output/server/_ssr/logger-CnOHDd5Q.mjs                                      11.22 kB │ gzip:   4.03 kB
.output/server/_libs/pinojs__redact.mjs                                      11.39 kB │ gzip:   2.44 kB
.output/server/_ssr/policy-admin-BkjWrF_F.mjs                                11.49 kB │ gzip:   2.16 kB
.output/server/_ssr/fleet-overview-CqnR7KPe.mjs                              11.52 kB │ gzip:   3.33 kB
.output/server/_ssr/beta-capabilities-S2eUvu3p.mjs                           11.78 kB │ gzip:   3.86 kB
.output/server/_ssr/image-upload-field-Cqs21te2.mjs                          11.98 kB │ gzip:   3.05 kB
.output/server/_libs/@tanstack/start-client-core+[...].mjs                   12.08 kB │ gzip:   3.20 kB
.output/server/_ssr/merchant-ai-notice.dto-CJdiNPRL.mjs                      12.21 kB │ gzip:   4.13 kB
.output/server/_libs/fractional-indexing.mjs                                 12.39 kB │ gzip:   3.57 kB
.output/server/_libs/neverthrow.mjs                                          12.48 kB │ gzip:   3.47 kB
.output/server/_libs/@aws-sdk/credential-provider-ini+[...].mjs              12.57 kB │ gzip:   2.75 kB
.output/server/_ssr/public-aIMmDsni.mjs                                      12.70 kB │ gzip:   3.37 kB
.output/server/_ssr/teams-C3rVNuBy.mjs                                       13.37 kB │ gzip:   2.91 kB
.output/server/_ssr/home-DcutCbRV.mjs                                        13.42 kB │ gzip:   3.32 kB
.output/server/_ssr/notifications-BtbPcyzd.mjs                               13.85 kB │ gzip:   3.00 kB
.output/server/_ssr/execution-policy-jgxhiWeK.mjs                            14.32 kB │ gzip:   3.95 kB
.output/server/_ssr/dist-rvQgHjMB.mjs                                        14.57 kB │ gzip:   4.09 kB
.output/server/_ssr/portals-DWvfXyIL.mjs                                     14.62 kB │ gzip:   3.05 kB
.output/server/_libs/better-auth__memory-adapter.mjs                         14.85 kB │ gzip:   4.20 kB
.output/server/_libs/@smithy/credential-provider-imds+[...].mjs              15.37 kB │ gzip:   4.03 kB
.output/server/_libs/dnd-kit__sortable.mjs                                   15.60 kB │ gzip:   4.27 kB
.output/server/_ssr/sidebar-DMnn5SCG.mjs                                     16.29 kB │ gzip:   4.14 kB
.output/server/_ssr/organization-CX61m-RT.mjs                                16.41 kB │ gzip:   4.18 kB
.output/server/_libs/radix-ui__react-collection.mjs                          16.66 kB │ gzip:   3.79 kB
.output/server/_libs/dnd-kit__accessibility+react.mjs                        16.89 kB │ gzip:   4.72 kB
.output/server/_libs/@tanstack/react-form+[...].mjs                          17.33 kB │ gzip:   3.54 kB
.output/server/_libs/@better-auth/telemetry+[...].mjs                        17.41 kB │ gzip:   4.91 kB
.output/server/_tanstack-start-manifest_v-CTWfuhxj.mjs                       19.33 kB │ gzip:   3.54 kB
.output/server/_libs/radix-ui__react-tooltip.mjs                             19.44 kB │ gzip:   4.46 kB
.output/server/_ssr/team-Cal3kRXb.mjs                                        22.26 kB │ gzip:   4.98 kB
.output/server/_libs/radix-ui__react-slider.mjs                              22.45 kB │ gzip:   5.47 kB
.output/server/_libs/noble__hashes.mjs                                       22.47 kB │ gzip:   7.46 kB
.output/server/_libs/decimal.js-light.mjs                                    23.35 kB │ gzip:   6.91 kB
.output/server/_ssr/headers-XEi1Km4I.mjs                                     24.04 kB │ gzip:   7.20 kB
.output/server/_libs/@floating-ui/dom+[...].mjs                              25.47 kB │ gzip:   6.60 kB
.output/server/_libs/@floating-ui/core+[...].mjs                             25.66 kB │ gzip:   6.36 kB
.output/server/_libs/d3-shape.mjs                                            25.74 kB │ gzip:   5.05 kB
.output/server/_ssr/portals-CZfkI6XI.mjs                                     28.20 kB │ gzip:   6.09 kB
.output/server/_ssr/-notification-fns-BEHJJS_Q.mjs                           28.74 kB │ gzip:   7.84 kB
.output/server/_ssr/guest-Cgy9-3zR.mjs                                       28.76 kB │ gzip:   7.85 kB
.output/server/_ssr/server-Tc_X9mu_.mjs                                      29.17 kB │ gzip:   7.95 kB
.output/server/_authenticated-BIjxl8Hy.mjs                                   29.41 kB │ gzip:   5.73 kB
.output/server/_ssr/auth-client-DS0rrPE1.mjs                                 31.50 kB │ gzip:   8.49 kB
.output/server/_libs/@aws-sdk/credential-provider-sso+[...].mjs              31.61 kB │ gzip:   7.63 kB
.output/server/_ssr/people-BYD0Uppu.mjs                                      37.88 kB │ gzip:   7.94 kB
.output/server/_ssr/identity-DABeAVGE.mjs                                    38.82 kB │ gzip:   7.17 kB
.output/server/_libs/h3+srvx.mjs                                             40.40 kB │ gzip:  10.95 kB
.output/server/_ssr/default-query-compiler-pSRH6P1l.mjs                      41.73 kB │ gzip:   7.70 kB
.output/server/_libs/resend+standardwebhooks.mjs                             42.26 kB │ gzip:   8.26 kB
.output/server/_libs/@radix-ui/react-select+[...].mjs                        46.42 kB │ gzip:   9.89 kB
.output/server/_libs/react-resizable-panels.mjs                              46.95 kB │ gzip:  13.92 kB
.output/server/_libs/noble__ciphers.mjs                                      47.15 kB │ gzip:  14.02 kB
.output/server/_libs/@radix-ui/react-dropdown-menu+[...].mjs                 48.39 kB │ gzip:  10.55 kB
.output/server/_ssr/error-codes-rmRYCf_T.mjs                                 52.87 kB │ gzip:  14.60 kB
.output/server/_libs/lucide-react.mjs                                        52.89 kB │ gzip:   9.75 kB
.output/server/_libs/sonner.mjs                                              53.72 kB │ gzip:  12.16 kB
.output/server/_ssr/settings-BdJxDOQq.mjs                                    54.55 kB │ gzip:  11.02 kB
.output/server/_libs/pngjs.mjs                                               56.79 kB │ gzip:  11.69 kB
.output/server/_libs/d3-scale+[...].mjs                                      59.48 kB │ gzip:  12.19 kB
.output/server/_propertyId-FqeGmTxS.mjs                                      62.02 kB │ gzip:  14.72 kB
.output/server/_libs/@reduxjs/toolkit+[...].mjs                              62.11 kB │ gzip:  16.04 kB
.output/server/_ssr/router-BjOukWcA.mjs                                      65.10 kB │ gzip:  17.32 kB
.output/server/index.mjs                                                     73.95 kB │ gzip:  19.60 kB
.output/server/_libs/tanstack__query-core.mjs                                74.06 kB │ gzip:  15.38 kB
.output/server/_libs/qrcode.mjs                                              77.98 kB │ gzip:  18.69 kB
.output/server/_libs/es-toolkit.mjs                                          82.93 kB │ gzip:  18.68 kB
.output/server/_libs/aws-sdk__nested-clients.mjs                             84.33 kB │ gzip:  13.14 kB
.output/server/_ssr/google-import-manager-CL_JICx_.mjs                       85.04 kB │ gzip:  17.54 kB
.output/server/_libs/tailwind-merge.mjs                                      88.17 kB │ gzip:  15.68 kB
.output/server/_libs/postal-mime.mjs                                         92.01 kB │ gzip:  25.74 kB
.output/server/_libs/@dnd-kit/core+[...].mjs                                 92.12 kB │ gzip:  20.65 kB
.output/server/_libs/@radix-ui/react-alert-dialog+[...].mjs                  95.61 kB │ gzip:  21.20 kB
.output/server/_libs/ioredis__commands.mjs                                  103.82 kB │ gzip:  15.01 kB
.output/server/_libs/pino+[...].mjs                                         108.95 kB │ gzip:  24.52 kB
.output/server/_libs/@tanstack/form-core+[...].mjs                          111.25 kB │ gzip:  20.89 kB
.output/server/_ssr/inbox-page-v2-DcmPRchw.mjs                              136.89 kB │ gzip:  30.28 kB
.output/server/_ssr/portal-Bz2Npv25.mjs                                     151.17 kB │ gzip:  34.21 kB
.output/server/_ssr/dist-B4VRR7wS.mjs                                       180.52 kB │ gzip:  31.55 kB
.output/server/_libs/ioredis.mjs                                            181.53 kB │ gzip:  46.28 kB
.output/server/_ssr/compiled-query-CeyQ0xKn.mjs                             219.59 kB │ gzip:  37.00 kB
.output/server/_ssr/ssr.mjs                                                 233.06 kB │ gzip:  56.67 kB
.output/server/_libs/libphonenumber-js.mjs                                  303.13 kB │ gzip:  64.09 kB
.output/server/_libs/drizzle-orm.mjs                                        338.32 kB │ gzip:  69.75 kB
.output/server/_libs/@aws-sdk/client-s3+[...].mjs                           341.13 kB │ gzip:  71.17 kB
.output/server/_ssr/factory-Y91kdAyS.mjs                                    354.96 kB │ gzip:  60.78 kB
.output/server/_libs/@aws-sdk/checksums+[...].mjs                           410.42 kB │ gzip:  92.38 kB
.output/server/_libs/@better-auth/kysely-adapter+[...].mjs                  481.11 kB │ gzip:  78.75 kB
.output/server/_libs/@react-email/render+[...].mjs                          522.22 kB │ gzip: 152.60 kB
.output/server/_libs/better-auth+[...].mjs                                  551.63 kB │ gzip: 111.30 kB
.output/server/_libs/@tanstack/react-router+[...].mjs                       670.56 kB │ gzip: 139.94 kB
.output/server/_ssr/auth-CH1W_fzZ.mjs                                       724.93 kB │ gzip: 156.72 kB
.output/server/_libs/recharts+[...].mjs                                     763.90 kB │ gzip: 153.45 kB
.output/server/_libs/@better-auth/core+[...].mjs                          1,078.22 kB │ gzip: 195.22 kB
.output/server/_libs/bullmq+[...].mjs                                     1,140.28 kB │ gzip: 238.30 kB
.output/server/_chunks/router.mjs                                         1,183.36 kB │ gzip: 240.66 kB
.output/server/_ssr/composition-C5I1K5D4.mjs                              2,534.28 kB │ gzip: 516.92 kB
.output/server/_chunks/composition.mjs                                    2,733.93 kB │ gzip: 568.23 kB

✓ built in 958ms
ℹ Generated .output/nitro.json

[nitro] ✔ You can preview this build using npx vite preview

[plugin tanstack-start-core::server-fn:client] /private/tmp/repkey-fnd01.INMxZB/source/src/contexts/identity/server/policy-admin.ts:70:35 createServerFn().inputValidator() is deprecated. Use createServerFn().validator() instead.
[plugin tanstack-start-core::server-fn:client] /private/tmp/repkey-fnd01.INMxZB/source/src/contexts/identity/server/policy-admin.ts:111:40 createServerFn().inputValidator() is deprecated. Use createServerFn().validator() instead.
[plugin tanstack-start-core::server-fn:client] /private/tmp/repkey-fnd01.INMxZB/source/src/contexts/identity/server/policy-admin.ts:157:35 createServerFn().inputValidator() is deprecated. Use createServerFn().validator() instead.
[plugin tanstack-start-core::server-fn:client] /private/tmp/repkey-fnd01.INMxZB/source/src/contexts/identity/server/policy-admin.ts:190:40 createServerFn().inputValidator() is deprecated. Use createServerFn().validator() instead.
[plugin tanstack-start-core::server-fn:client] /private/tmp/repkey-fnd01.INMxZB/source/src/contexts/identity/server/policy-admin.ts:232:38 createServerFn().inputValidator() is deprecated. Use createServerFn().validator() instead.
[plugin tanstack-start-core::server-fn:client] /private/tmp/repkey-fnd01.INMxZB/source/src/contexts/identity/server/policy-admin.ts:277:39 createServerFn().inputValidator() is deprecated. Use createServerFn().validator() instead.
[plugin tanstack-start-core::server-fn:client] /private/tmp/repkey-fnd01.INMxZB/source/src/contexts/identity/server/policy-admin.ts:318:40 createServerFn().inputValidator() is deprecated. Use createServerFn().validator() instead.
[plugin tanstack-start-core::server-fn:client] /private/tmp/repkey-fnd01.INMxZB/source/src/contexts/identity/server/policy-admin.ts:362:38 createServerFn().inputValidator() is deprecated. Use createServerFn().validator() instead.
[plugin tanstack-start-core::server-fn:client] /private/tmp/repkey-fnd01.INMxZB/source/src/contexts/leaderboard/server/leaderboards.ts:15:36 createServerFn().inputValidator() is deprecated. Use createServerFn().validator() instead.
[plugin tanstack-start-core::server-fn:client] /private/tmp/repkey-fnd01.INMxZB/source/src/contexts/leaderboard/server/leaderboards.ts:44:39 createServerFn().inputValidator() is deprecated. Use createServerFn().validator() instead.
[plugin tanstack-start-core::server-fn:client] /private/tmp/repkey-fnd01.INMxZB/source/src/contexts/leaderboard/server/leaderboards.ts:78:36 createServerFn().inputValidator() is deprecated. Use createServerFn().validator() instead.
[plugin tanstack-start-core::server-fn:client] /private/tmp/repkey-fnd01.INMxZB/source/src/contexts/leaderboard/server/leaderboards.ts:113:38 createServerFn().inputValidator() is deprecated. Use createServerFn().validator() instead.
[plugin tanstack-start-core::server-fn:client] /private/tmp/repkey-fnd01.INMxZB/source/src/shared/auth/capability-set.ts:51:33 createServerFn().inputValidator() is deprecated. Use createServerFn().validator() instead.
[plugin tanstack-start-core::server-fn:client] /private/tmp/repkey-fnd01.INMxZB/source/src/shared/auth/controlled-route-check.ts:13:37 createServerFn().inputValidator() is deprecated. Use createServerFn().validator() instead.
[plugin tanstack-start-core::server-fn:client] /private/tmp/repkey-fnd01.INMxZB/source/src/contexts/property/server/properties.ts:23:31 createServerFn().inputValidator() is deprecated. Use createServerFn().validator() instead.
[plugin tanstack-start-core::server-fn:client] /private/tmp/repkey-fnd01.INMxZB/source/src/contexts/property/server/properties.ts:50:31 createServerFn().inputValidator() is deprecated. Use createServerFn().validator() instead.
[plugin tanstack-start-core::server-fn:client] /private/tmp/repkey-fnd01.INMxZB/source/src/contexts/identity/server/organizations.members.ts:22:29 createServerFn().inputValidator() is deprecated. Use createServerFn().validator() instead.
[plugin tanstack-start-core::server-fn:client] /private/tmp/repkey-fnd01.INMxZB/source/src/contexts/identity/server/organizations.members.ts:47:33 createServerFn().inputValidator() is deprecated. Use createServerFn().validator() instead.
[plugin tanstack-start-core::server-fn:client] /private/tmp/repkey-fnd01.INMxZB/source/src/contexts/identity/server/organizations.members.ts:75:29 createServerFn().inputValidator() is deprecated. Use createServerFn().validator() instead.
[plugin tanstack-start-core::server-fn:client] /private/tmp/repkey-fnd01.INMxZB/source/src/contexts/identity/server/organizations.invitations.ts:26:33 createServerFn().inputValidator() is deprecated. Use createServerFn().validator() instead.
[plugin tanstack-start-core::server-fn:client] /private/tmp/repkey-fnd01.INMxZB/source/src/contexts/identity/server/organizations.invitations.ts:56:33 createServerFn().inputValidator() is deprecated. Use createServerFn().validator() instead.
[plugin tanstack-start-core::server-fn:client] /private/tmp/repkey-fnd01.INMxZB/source/src/contexts/identity/server/organizations.invitations.ts:83:33 createServerFn().inputValidator() is deprecated. Use createServerFn().validator() instead.
[plugin tanstack-start-core::server-fn:client] /private/tmp/repkey-fnd01.INMxZB/source/src/contexts/identity/server/organizations.update.ts:46:35 createServerFn().inputValidator() is deprecated. Use createServerFn().validator() instead.
[plugin tanstack-start-core::server-fn:client] /private/tmp/repkey-fnd01.INMxZB/source/src/contexts/identity/server/organizations.registration.ts:51:31 createServerFn().inputValidator() is deprecated. Use createServerFn().validator() instead.
[plugin tanstack-start-core::server-fn:client] /private/tmp/repkey-fnd01.INMxZB/source/src/contexts/identity/server/organizations.registration.ts:84:35 createServerFn().inputValidator() is deprecated. Use createServerFn().validator() instead.
[plugin tanstack-start-core::server-fn:client] /private/tmp/repkey-fnd01.INMxZB/source/src/contexts/identity/server/organizations.registration.ts:119:27 createServerFn().inputValidator() is deprecated. Use createServerFn().validator() instead.
[plugin tanstack-start-core::server-fn:client] /private/tmp/repkey-fnd01.INMxZB/source/src/contexts/identity/server/organizations.registration.ts:196:38 createServerFn().inputValidator() is deprecated. Use createServerFn().validator() instead.
[plugin tanstack-start-core::server-fn:client] /private/tmp/repkey-fnd01.INMxZB/source/src/contexts/badge/server/badges.ts:24:38 createServerFn().inputValidator() is deprecated. Use createServerFn().validator() instead.
[plugin tanstack-start-core::server-fn:client] /private/tmp/repkey-fnd01.INMxZB/source/src/contexts/badge/server/badges.ts:52:39 createServerFn().inputValidator() is deprecated. Use createServerFn().validator() instead.
[plugin tanstack-start-core::server-fn:client] /private/tmp/repkey-fnd01.INMxZB/source/src/contexts/badge/server/badges.ts:115:47 createServerFn().inputValidator() is deprecated. Use createServerFn().validator() instead.
[plugin tanstack-start-core::server-fn:client] /private/tmp/repkey-fnd01.INMxZB/source/src/contexts/integration/server/google-connections.ts:21:30 createServerFn().inputValidator() is deprecated. Use createServerFn().validator() instead.
[plugin tanstack-start-core::server-fn:client] /private/tmp/repkey-fnd01.INMxZB/source/src/contexts/integration/server/google-connections.ts:71:33 createServerFn().inputValidator() is deprecated. Use createServerFn().validator() instead.
[plugin tanstack-start-core::server-fn:client] /private/tmp/repkey-fnd01.INMxZB/source/src/contexts/integration/server/google-connections.ts:97:43 createServerFn().inputValidator() is deprecated. Use createServerFn().validator() instead.
[plugin tanstack-start-core::server-fn:client] /private/tmp/repkey-fnd01.INMxZB/source/src/contexts/integration/server/gbp-import.ts:111:35 createServerFn().inputValidator() is deprecated. Use createServerFn().validator() instead.
[plugin tanstack-start-core::server-fn:client] /private/tmp/repkey-fnd01.INMxZB/source/src/contexts/integration/server/gbp-import.ts:140:37 createServerFn().inputValidator() is deprecated. Use createServerFn().validator() instead.
[plugin tanstack-start-core::server-fn:client] /private/tmp/repkey-fnd01.INMxZB/source/src/contexts/integration/server/gbp-import.ts:172:46 createServerFn().inputValidator() is deprecated. Use createServerFn().validator() instead.
[plugin tanstack-start-core::server-fn:client] /private/tmp/repkey-fnd01.INMxZB/source/src/contexts/integration/server/gbp-import.ts:202:38 createServerFn().inputValidator() is deprecated. Use createServerFn().validator() instead.
[plugin tanstack-start-core::server-fn:client] /private/tmp/repkey-fnd01.INMxZB/source/src/contexts/integration/server/gbp-import.ts:226:40 createServerFn().inputValidator() is deprecated. Use createServerFn().validator() instead.
[plugin tanstack-start-core::server-fn:client] /private/tmp/repkey-fnd01.INMxZB/source/src/contexts/integration/server/gbp-import.ts:253:40 createServerFn().inputValidator() is deprecated. Use createServerFn().validator() instead.
[plugin tanstack-start-core::server-fn:client] /private/tmp/repkey-fnd01.INMxZB/source/src/contexts/integration/server/gbp-import.ts:276:42 createServerFn().inputValidator() is deprecated. Use createServerFn().validator() instead.
[plugin tanstack-start-core::server-fn:client] /private/tmp/repkey-fnd01.INMxZB/source/src/contexts/identity/server/organizations.response-sla.ts:58:39 createServerFn().inputValidator() is deprecated. Use createServerFn().validator() instead.
[plugin tanstack-start-core::server-fn:client] /private/tmp/repkey-fnd01.INMxZB/source/src/contexts/integration/server/google-performance.ts:20:45 createServerFn().inputValidator() is deprecated. Use createServerFn().validator() instead.
[plugin tanstack-start-core::server-fn:client] /private/tmp/repkey-fnd01.INMxZB/source/src/contexts/integration/server/google-performance.ts:52:52 createServerFn().inputValidator() is deprecated. Use createServerFn().validator() instead.
[plugin tanstack-start-core::server-fn:client] /private/tmp/repkey-fnd01.INMxZB/source/src/contexts/dashboard/server/portal-analytics.ts:21:37 createServerFn().inputValidator() is deprecated. Use createServerFn().validator() instead.
[plugin tanstack-start-core::server-fn:client] /private/tmp/repkey-fnd01.INMxZB/source/src/contexts/dashboard/server/dashboard.ts:21:35 createServerFn().inputValidator() is deprecated. Use createServerFn().validator() instead.
[plugin tanstack-start-core::server-fn:client] /private/tmp/repkey-fnd01.INMxZB/source/src/contexts/portal/server/portal-links.ts:53:27 createServerFn().inputValidator() is deprecated. Use createServerFn().validator() instead.
[plugin tanstack-start-core::server-fn:client] /private/tmp/repkey-fnd01.INMxZB/source/src/contexts/portal/server/portal-links.ts:85:27 createServerFn().inputValidator() is deprecated. Use createServerFn().validator() instead.
[plugin tanstack-start-core::server-fn:client] /private/tmp/repkey-fnd01.INMxZB/source/src/contexts/portal/server/portal-links.ts:113:27 createServerFn().inputValidator() is deprecated. Use createServerFn().validator() instead.
[plugin tanstack-start-core::server-fn:client] /private/tmp/repkey-fnd01.INMxZB/source/src/contexts/portal/server/portal-links.ts:141:29 createServerFn().inputValidator() is deprecated. Use createServerFn().validator() instead.
[plugin tanstack-start-core::server-fn:client] /private/tmp/repkey-fnd01.INMxZB/source/src/contexts/portal/server/portal-links.ts:179:32 createServerFn().inputValidator() is deprecated. Use createServerFn().validator() instead.
[plugin tanstack-start-core::server-fn:client] /private/tmp/repkey-fnd01.INMxZB/source/src/contexts/identity/server/merchant-ai.ts:55:45 createServerFn().inputValidator() is deprecated. Use createServerFn().validator() instead.
[plugin tanstack-start-core::server-fn:client] /private/tmp/repkey-fnd01.INMxZB/source/src/contexts/identity/server/merchant-ai.ts:79:35 createServerFn().inputValidator() is deprecated. Use createServerFn().validator() instead.
[plugin tanstack-start-core::server-fn:client] /private/tmp/repkey-fnd01.INMxZB/source/src/contexts/identity/server/merchant-ai.ts:105:47 createServerFn().inputValidator() is deprecated. Use createServerFn().validator() instead.
[plugin tanstack-start-core::server-fn:client] /private/tmp/repkey-fnd01.INMxZB/source/src/contexts/identity/server/merchant-ai.ts:136:35 createServerFn().inputValidator() is deprecated. Use createServerFn().validator() instead.
[plugin tanstack-start-core::server-fn:client] /private/tmp/repkey-fnd01.INMxZB/source/src/contexts/portal/server/portals.ts:129:29 createServerFn().inputValidator() is deprecated. Use createServerFn().validator() instead.
[plugin tanstack-start-core::server-fn:client] /private/tmp/repkey-fnd01.INMxZB/source/src/contexts/portal/server/portals.ts:160:29 createServerFn().inputValidator() is deprecated. Use createServerFn().validator() instead.
[plugin tanstack-start-core::server-fn:client] /private/tmp/repkey-fnd01.INMxZB/source/src/contexts/portal/server/portals.ts:186:28 createServerFn().inputValidator() is deprecated. Use createServerFn().validator() instead.
[plugin tanstack-start-core::server-fn:client] /private/tmp/repkey-fnd01.INMxZB/source/src/contexts/portal/server/portals.ts:226:26 createServerFn().inputValidator() is deprecated. Use createServerFn().validator() instead.
[plugin tanstack-start-core::server-fn:client] /private/tmp/repkey-fnd01.INMxZB/source/src/contexts/portal/server/portals.ts:254:29 createServerFn().inputValidator() is deprecated. Use createServerFn().validator() instead.
[plugin tanstack-start-core::server-fn:client] /private/tmp/repkey-fnd01.INMxZB/source/src/contexts/portal/server/portals.ts:293:33 createServerFn().inputValidator() is deprecated. Use createServerFn().validator() instead.
[plugin tanstack-start-core::server-fn:client] /private/tmp/repkey-fnd01.INMxZB/source/src/contexts/portal/server/portals.ts:333:31 createServerFn().inputValidator() is deprecated. Use createServerFn().validator() instead.
[plugin tanstack-start-core::server-fn:client] /private/tmp/repkey-fnd01.INMxZB/source/src/contexts/portal/server/portals.ts:378:33 createServerFn().inputValidator() is deprecated. Use createServerFn().validator() instead.
[plugin tanstack-start-core::server-fn:client] /private/tmp/repkey-fnd01.INMxZB/source/src/contexts/portal/server/portals.ts:400:34 createServerFn().inputValidator() is deprecated. Use createServerFn().validator() instead.
[plugin tanstack-start-core::server-fn:client] /private/tmp/repkey-fnd01.INMxZB/source/src/contexts/portal/server/portals.ts:422:35 createServerFn().inputValidator() is deprecated. Use createServerFn().validator() instead.
[plugin tanstack-start-core::server-fn:client] /private/tmp/repkey-fnd01.INMxZB/source/src/contexts/portal/server/portals.ts:444:38 createServerFn().inputValidator() is deprecated. Use createServerFn().validator() instead.
[plugin tanstack-start-core::server-fn:client] /private/tmp/repkey-fnd01.INMxZB/source/src/contexts/identity/server/organizations.upload.ts:28:37 createServerFn().inputValidator() is deprecated. Use createServerFn().validator() instead.
[plugin tanstack-start-core::server-fn:client] /private/tmp/repkey-fnd01.INMxZB/source/src/contexts/identity/server/organizations.upload.ts:57:38 createServerFn().inputValidator() is deprecated. Use createServerFn().validator() instead.
[plugin tanstack-start-core::server-fn:client] /private/tmp/repkey-fnd01.INMxZB/source/src/contexts/identity/server/organizations.upload.ts:96:36 createServerFn().inputValidator() is deprecated. Use createServerFn().validator() instead.
[plugin tanstack-start-core::server-fn:client] /private/tmp/repkey-fnd01.INMxZB/source/src/contexts/identity/server/organizations.upload.ts:125:37 createServerFn().inputValidator() is deprecated. Use createServerFn().validator() instead.
[plugin tanstack-start-core::server-fn:client] /private/tmp/repkey-fnd01.INMxZB/source/src/contexts/team/server/teams.ts:141:27 createServerFn().inputValidator() is deprecated. Use createServerFn().validator() instead.
[plugin tanstack-start-core::server-fn:client] /private/tmp/repkey-fnd01.INMxZB/source/src/contexts/team/server/teams.ts:170:27 createServerFn().inputValidator() is deprecated. Use createServerFn().validator() instead.
[plugin tanstack-start-core::server-fn:client] /private/tmp/repkey-fnd01.INMxZB/source/src/contexts/team/server/teams.ts:195:26 createServerFn().inputValidator() is deprecated. Use createServerFn().validator() instead.
[plugin tanstack-start-core::server-fn:client] /private/tmp/repkey-fnd01.INMxZB/source/src/contexts/team/server/teams.ts:227:27 createServerFn().inputValidator() is deprecated. Use createServerFn().validator() instead.
[plugin tanstack-start-core::server-fn:client] /private/tmp/repkey-fnd01.INMxZB/source/src/contexts/team/server/teams.ts:250:36 createServerFn().inputValidator() is deprecated. Use createServerFn().validator() instead.
[plugin tanstack-start-core::server-fn:client] /private/tmp/repkey-fnd01.INMxZB/source/src/contexts/team/server/teams.ts:270:30 createServerFn().inputValidator() is deprecated. Use createServerFn().validator() instead.
[plugin tanstack-start-core::server-fn:client] /private/tmp/repkey-fnd01.INMxZB/source/src/contexts/team/server/teams.ts:291:33 createServerFn().inputValidator() is deprecated. Use createServerFn().validator() instead.
[plugin tanstack-start-core::server-fn:client] /private/tmp/repkey-fnd01.INMxZB/source/src/contexts/team/server/teams.ts:312:28 createServerFn().inputValidator() is deprecated. Use createServerFn().validator() instead.
[plugin tanstack-start-core::server-fn:client] /private/tmp/repkey-fnd01.INMxZB/source/src/contexts/team/server/teams.ts:333:30 createServerFn().inputValidator() is deprecated. Use createServerFn().validator() instead.
[plugin tanstack-start-core::server-fn:client] /private/tmp/repkey-fnd01.INMxZB/source/src/contexts/team/server/teams.ts:354:27 createServerFn().inputValidator() is deprecated. Use createServerFn().validator() instead.
[plugin tanstack-start-core::server-fn:client] /private/tmp/repkey-fnd01.INMxZB/source/src/contexts/goal/server/staff-goals.ts:25:31 createServerFn().inputValidator() is deprecated. Use createServerFn().validator() instead.
[plugin tanstack-start-core::server-fn:client] /private/tmp/repkey-fnd01.INMxZB/source/src/contexts/dashboard/server/fleet-overview.ts:31:35 createServerFn().inputValidator() is deprecated. Use createServerFn().validator() instead.
[plugin tanstack-start-core::server-fn:client] /private/tmp/repkey-fnd01.INMxZB/source/src/contexts/review/server/staff-recent-activity.ts:20:39 createServerFn().inputValidator() is deprecated. Use createServerFn().validator() instead.
[plugin tanstack-start-core::server-fn:client] /private/tmp/repkey-fnd01.INMxZB/source/src/contexts/dashboard/server/staff-dashboard.ts:28:40 createServerFn().inputValidator() is deprecated. Use createServerFn().validator() instead.
[plugin tanstack-start-core::server-fn:client] /private/tmp/repkey-fnd01.INMxZB/source/src/contexts/staff/server/staff-portals.ts:19:33 createServerFn().inputValidator() is deprecated. Use createServerFn().validator() instead.
[plugin tanstack-start-core::server-fn:client] /private/tmp/repkey-fnd01.INMxZB/source/src/contexts/staff/server/staff-participations.ts:42:41 createServerFn().inputValidator() is deprecated. Use createServerFn().validator() instead.
[plugin tanstack-start-core::server-fn:client] /private/tmp/repkey-fnd01.INMxZB/source/src/contexts/staff/server/staff-participations.ts:68:40 createServerFn().inputValidator() is deprecated. Use createServerFn().validator() instead.
[plugin tanstack-start-core::server-fn:client] /private/tmp/repkey-fnd01.INMxZB/source/src/contexts/staff/server/staff-participations.ts:90:42 createServerFn().inputValidator() is deprecated. Use createServerFn().validator() instead.
[plugin tanstack-start-core::server-fn:client] /private/tmp/repkey-fnd01.INMxZB/source/src/contexts/staff/server/staff-participations.ts:112:45 createServerFn().inputValidator() is deprecated. Use createServerFn().validator() instead.
[plugin tanstack-start-core::server-fn:client] /private/tmp/repkey-fnd01.INMxZB/source/src/contexts/guest/server/guest-scans.ts:55:29 createServerFn().inputValidator() is deprecated. Use createServerFn().validator() instead.
[plugin tanstack-start-core::server-fn:client] /private/tmp/repkey-fnd01.INMxZB/source/src/contexts/guest/server/guest-scans.ts:153:32 createServerFn().inputValidator() is deprecated. Use createServerFn().validator() instead.
[plugin tanstack-start-core::server-fn:client] /private/tmp/repkey-fnd01.INMxZB/source/src/contexts/guest/server/guest-scans.ts:241:36 createServerFn().inputValidator() is deprecated. Use createServerFn().validator() instead.
[plugin tanstack-start-core::server-fn:client] /private/tmp/repkey-fnd01.INMxZB/source/src/contexts/guest/server/public.ts:217:38 createServerFn().inputValidator() is deprecated. Use createServerFn().validator() instead.
[plugin tanstack-start-core::server-fn:client] /private/tmp/repkey-fnd01.INMxZB/source/src/contexts/guest/server/public.ts:260:39 createServerFn().inputValidator() is deprecated. Use createServerFn().validator() instead.
[plugin tanstack-start-core::server-fn:client] /private/tmp/repkey-fnd01.INMxZB/source/src/contexts/guest/server/public.ts:304:40 createServerFn().inputValidator() is deprecated. Use createServerFn().validator() instead.
[plugin tanstack-start-core::server-fn:client] /private/tmp/repkey-fnd01.INMxZB/source/src/contexts/guest/server/public.ts:336:34 createServerFn().inputValidator() is deprecated. Use createServerFn().validator() instead.
[plugin tanstack-start-core::server-fn:client] /private/tmp/repkey-fnd01.INMxZB/source/src/contexts/guest/server/public.ts:375:36 createServerFn().inputValidator() is deprecated. Use createServerFn().validator() instead.
[plugin tanstack-start-core::server-fn:client] /private/tmp/repkey-fnd01.INMxZB/source/src/contexts/guest/server/public.ts:419:40 createServerFn().inputValidator() is deprecated. Use createServerFn().validator() instead.
[plugin tanstack-start-core::server-fn:client] /private/tmp/repkey-fnd01.INMxZB/source/src/contexts/identity/server/auth-settings.ts:16:33 createServerFn().inputValidator() is deprecated. Use createServerFn().validator() instead.
[plugin tanstack-start-core::server-fn:client] /private/tmp/repkey-fnd01.INMxZB/source/src/contexts/identity/server/auth-settings.ts:62:32 createServerFn().inputValidator() is deprecated. Use createServerFn().validator() instead.
[plugin tanstack-start-core::server-fn:client] /private/tmp/repkey-fnd01.INMxZB/source/src/contexts/identity/server/auth-settings.ts:97:34 createServerFn().inputValidator() is deprecated. Use createServerFn().validator() instead.
[plugin tanstack-start-core::server-fn:client] /private/tmp/repkey-fnd01.INMxZB/source/src/contexts/ai/server/property-aggregates.ts:31:42 createServerFn().inputValidator() is deprecated. Use createServerFn().validator() instead.
[plugin tanstack-start-core::server-fn:client] /private/tmp/repkey-fnd01.INMxZB/source/src/contexts/portal/server/portal-groups.ts:79:34 createServerFn().inputValidator() is deprecated. Use createServerFn().validator() instead.
[plugin tanstack-start-core::server-fn:client] /private/tmp/repkey-fnd01.INMxZB/source/src/contexts/portal/server/portal-groups.ts:110:34 createServerFn().inputValidator() is deprecated. Use createServerFn().validator() instead.
[plugin tanstack-start-core::server-fn:client] /private/tmp/repkey-fnd01.INMxZB/source/src/contexts/portal/server/portal-groups.ts:140:33 createServerFn().inputValidator() is deprecated. Use createServerFn().validator() instead.
[plugin tanstack-start-core::server-fn:client] /private/tmp/repkey-fnd01.INMxZB/source/src/contexts/portal/server/portal-groups.ts:175:31 createServerFn().inputValidator() is deprecated. Use createServerFn().validator() instead.
[plugin tanstack-start-core::server-fn:client] /private/tmp/repkey-fnd01.INMxZB/source/src/contexts/portal/server/portal-groups.ts:201:38 createServerFn().inputValidator() is deprecated. Use createServerFn().validator() instead.
[plugin tanstack-start-core::server-fn:client] /private/tmp/repkey-fnd01.INMxZB/source/src/contexts/portal/server/portal-groups.ts:232:33 createServerFn().inputValidator() is deprecated. Use createServerFn().validator() instead.
[plugin tanstack-start-core::server-fn:client] /private/tmp/repkey-fnd01.INMxZB/source/src/contexts/portal/server/portal-groups.ts:258:38 createServerFn().inputValidator() is deprecated. Use createServerFn().validator() instead.
[plugin tanstack-start-core::server-fn:client] /private/tmp/repkey-fnd01.INMxZB/source/src/contexts/ai/server/property-trend.ts:13:37 createServerFn().inputValidator() is deprecated. Use createServerFn().validator() instead.
[plugin tanstack-start-core::server-fn:client] /private/tmp/repkey-fnd01.INMxZB/source/src/contexts/dashboard/server/attention-signals.ts:28:38 createServerFn().inputValidator() is deprecated. Use createServerFn().validator() instead.
[plugin tanstack-start-core::server-fn:client] /private/tmp/repkey-fnd01.INMxZB/source/src/contexts/notification/server/notifications.ts:64:35 createServerFn().inputValidator() is deprecated. Use createServerFn().validator() instead.
[plugin tanstack-start-core::server-fn:client] /private/tmp/repkey-fnd01.INMxZB/source/src/contexts/notification/server/notifications.ts:95:39 createServerFn().inputValidator() is deprecated. Use createServerFn().validator() instead.
[plugin tanstack-start-core::server-fn:client] /private/tmp/repkey-fnd01.INMxZB/source/src/contexts/notification/server/notifications.ts:136:41 createServerFn().inputValidator() is deprecated. Use createServerFn().validator() instead.
[plugin tanstack-start-core::server-fn:client] /private/tmp/repkey-fnd01.INMxZB/source/src/contexts/notification/server/notifications.ts:209:38 createServerFn().inputValidator() is deprecated. Use createServerFn().validator() instead.
[plugin tanstack-start-core::server-fn:client] /private/tmp/repkey-fnd01.INMxZB/source/src/contexts/notification/server/notifications.ts:280:47 createServerFn().inputValidator() is deprecated. Use createServerFn().validator() instead.
[plugin tanstack-start-core::server-fn:client] /private/tmp/repkey-fnd01.INMxZB/source/src/contexts/notification/server/notifications.ts:364:49 createServerFn().inputValidator() is deprecated. Use createServerFn().validator() instead.
[plugin tanstack-start-core::server-fn:client] /private/tmp/repkey-fnd01.INMxZB/source/src/contexts/goal/server/governed-goals.ts:48:35 createServerFn().inputValidator() is deprecated. Use createServerFn().validator() instead.
[plugin tanstack-start-core::server-fn:client] /private/tmp/repkey-fnd01.INMxZB/source/src/contexts/goal/server/governed-goals.ts:71:35 createServerFn().inputValidator() is deprecated. Use createServerFn().validator() instead.
[plugin tanstack-start-core::server-fn:client] /private/tmp/repkey-fnd01.INMxZB/source/src/contexts/goal/server/governed-goals.ts:90:41 createServerFn().inputValidator() is deprecated. Use createServerFn().validator() instead.
[plugin tanstack-start-core::server-fn:client] /private/tmp/repkey-fnd01.INMxZB/source/src/contexts/goal/server/governed-goals.ts:105:32 createServerFn().inputValidator() is deprecated. Use createServerFn().validator() instead.
[plugin tanstack-start-core::server-fn:client] /private/tmp/repkey-fnd01.INMxZB/source/src/contexts/goal/server/governed-goals.ts:118:34 createServerFn().inputValidator() is deprecated. Use createServerFn().validator() instead.
[plugin tanstack-start-core::server-fn:client] /private/tmp/repkey-fnd01.INMxZB/source/src/contexts/ai/server/reply-suggestion.ts:30:42 createServerFn().inputValidator() is deprecated. Use createServerFn().validator() instead.
[plugin tanstack-start-core::server-fn:client] /private/tmp/repkey-fnd01.INMxZB/source/src/contexts/portal/server/portal-link-categories.ts:50:35 createServerFn().inputValidator() is deprecated. Use createServerFn().validator() instead.
[plugin tanstack-start-core::server-fn:client] /private/tmp/repkey-fnd01.INMxZB/source/src/contexts/portal/server/portal-link-categories.ts:78:35 createServerFn().inputValidator() is deprecated. Use createServerFn().validator() instead.
[plugin tanstack-start-core::server-fn:client] /private/tmp/repkey-fnd01.INMxZB/source/src/contexts/portal/server/portal-link-categories.ts:106:35 createServerFn().inputValidator() is deprecated. Use createServerFn().validator() instead.
[plugin tanstack-start-core::server-fn:client] /private/tmp/repkey-fnd01.INMxZB/source/src/contexts/portal/server/portal-link-categories.ts:134:34 createServerFn().inputValidator() is deprecated. Use createServerFn().validator() instead.
[plugin tanstack-start-core::server-fn:client] /private/tmp/repkey-fnd01.INMxZB/source/src/contexts/property/server/property-read.ts:47:28 createServerFn().inputValidator() is deprecated. Use createServerFn().validator() instead.
[plugin tanstack-start-core::server-fn:client] /private/tmp/repkey-fnd01.INMxZB/source/src/contexts/property/server/property-read.ts:77:31 createServerFn().inputValidator() is deprecated. Use createServerFn().validator() instead.
[plugin tanstack-start-core::server-fn:client] /private/tmp/repkey-fnd01.INMxZB/source/src/contexts/activity/server/activity.ts:42:38 createServerFn().inputValidator() is deprecated. Use createServerFn().validator() instead.
[plugin tanstack-start-core::server-fn:client] /private/tmp/repkey-fnd01.INMxZB/source/src/contexts/activity/server/activity.ts:77:33 createServerFn().inputValidator() is deprecated. Use createServerFn().validator() instead.
[plugin tanstack-start-core::server-fn:client] /private/tmp/repkey-fnd01.INMxZB/source/src/contexts/integration/server/google-auth-url.ts:22:33 createServerFn().inputValidator() is deprecated. Use createServerFn().validator() instead.
[plugin tanstack-start-core::server-fn:client] /private/tmp/repkey-fnd01.INMxZB/source/src/contexts/review/server/reply.ts:17:30 createServerFn().inputValidator() is deprecated. Use createServerFn().validator() instead.
[plugin tanstack-start-core::server-fn:client] /private/tmp/repkey-fnd01.INMxZB/source/src/contexts/review/server/reply.ts:44:30 createServerFn().inputValidator() is deprecated. Use createServerFn().validator() instead.
[plugin tanstack-start-core::server-fn:client] /private/tmp/repkey-fnd01.INMxZB/source/src/contexts/review/server/reply.ts:69:31 createServerFn().inputValidator() is deprecated. Use createServerFn().validator() instead.
[plugin tanstack-start-core::server-fn:client] /private/tmp/repkey-fnd01.INMxZB/source/src/contexts/inbox/server/inbox-item-queries.ts:19:37 createServerFn().inputValidator() is deprecated. Use createServerFn().validator() instead.
[plugin tanstack-start-core::server-fn:client] /private/tmp/repkey-fnd01.INMxZB/source/src/contexts/inbox/server/inbox-item-queries.ts:48:32 createServerFn().inputValidator() is deprecated. Use createServerFn().validator() instead.
[plugin tanstack-start-core::server-fn:client] /private/tmp/repkey-fnd01.INMxZB/source/src/contexts/inbox/server/inbox-status.ts:24:36 createServerFn().inputValidator() is deprecated. Use createServerFn().validator() instead.
[plugin tanstack-start-core::server-fn:client] /private/tmp/repkey-fnd01.INMxZB/source/src/contexts/inbox/server/inbox-status.ts:54:40 createServerFn().inputValidator() is deprecated. Use createServerFn().validator() instead.
[plugin tanstack-start-core::server-fn:client] /private/tmp/repkey-fnd01.INMxZB/source/src/contexts/inbox/server/inbox-status.ts:84:36 createServerFn().inputValidator() is deprecated. Use createServerFn().validator() instead.
[plugin tanstack-start-core::server-fn:client] /private/tmp/repkey-fnd01.INMxZB/source/src/contexts/inbox/server/inbox-status.ts:111:36 createServerFn().inputValidator() is deprecated. Use createServerFn().validator() instead.
[plugin tanstack-start-core::server-fn:client] /private/tmp/repkey-fnd01.INMxZB/source/src/contexts/inbox/server/inbox-item-actions.ts:20:34 createServerFn().inputValidator() is deprecated. Use createServerFn().validator() instead.
[plugin tanstack-start-core::server-fn:client] /private/tmp/repkey-fnd01.INMxZB/source/src/contexts/inbox/server/inbox-item-actions.ts:52:31 createServerFn().inputValidator() is deprecated. Use createServerFn().validator() instead.
[plugin tanstack-start-core::server-fn:client] /private/tmp/repkey-fnd01.INMxZB/source/src/contexts/inbox/server/inbox-queries.ts:25:32 createServerFn().inputValidator() is deprecated. Use createServerFn().validator() instead.
[plugin tanstack-start-core::server-fn:client] /private/tmp/repkey-fnd01.INMxZB/source/src/contexts/inbox/server/inbox-queries.ts:109:36 createServerFn().inputValidator() is deprecated. Use createServerFn().validator() instead.
[plugin tanstack-start-core::server-fn:client] /private/tmp/repkey-fnd01.INMxZB/source/src/contexts/inbox/server/inbox-queries.ts:133:37 createServerFn().inputValidator() is deprecated. Use createServerFn().validator() instead.
[plugin tanstack-start-core::server-fn:client] /private/tmp/repkey-fnd01.INMxZB/source/src/contexts/inbox/server/inbox-queries.ts:157:39 createServerFn().inputValidator() is deprecated. Use createServerFn().validator() instead.
[plugin tanstack-start-core::server-fn:client] /private/tmp/repkey-fnd01.INMxZB/source/src/contexts/review/server/reply-draft.ts:17:29 createServerFn().inputValidator() is deprecated. Use createServerFn().validator() instead.
[plugin tanstack-start-core::server-fn:client] /private/tmp/repkey-fnd01.INMxZB/source/src/contexts/review/server/reply-draft.ts:52:30 createServerFn().inputValidator() is deprecated. Use createServerFn().validator() instead.
[plugin tanstack-start-core::server-fn:client] /private/tmp/repkey-fnd01.INMxZB/source/src/contexts/review/server/reply-draft.ts:76:31 createServerFn().inputValidator() is deprecated. Use createServerFn().validator() instead.
[plugin tanstack-start-core::server-fn:client] /private/tmp/repkey-fnd01.INMxZB/source/src/contexts/review/server/reply-draft.ts:103:37 createServerFn().inputValidator() is deprecated. Use createServerFn().validator() instead.
[plugin tanstack-start-core::server-fn:client] /private/tmp/repkey-fnd01.INMxZB/source/src/contexts/review/server/reply-read.ts:73:27 createServerFn().inputValidator() is deprecated. Use createServerFn().validator() instead.
[plugin tanstack-start-core::server-fn:ssr] /private/tmp/repkey-fnd01.INMxZB/source/src/shared/auth/capability-set.ts?tss-serverfn-split:51:33 createServerFn().inputValidator() is deprecated. Use createServerFn().validator() instead.
[plugin tanstack-start-core::server-fn:ssr] /private/tmp/repkey-fnd01.INMxZB/source/src/contexts/dashboard/server/portal-analytics.ts?tss-serverfn-split:21:37 createServerFn().inputValidator() is deprecated. Use createServerFn().validator() instead.
[plugin tanstack-start-core::server-fn:ssr] /private/tmp/repkey-fnd01.INMxZB/source/src/contexts/dashboard/server/dashboard.ts?tss-serverfn-split:21:35 createServerFn().inputValidator() is deprecated. Use createServerFn().validator() instead.
[plugin tanstack-start-core::server-fn:ssr] /private/tmp/repkey-fnd01.INMxZB/source/src/contexts/identity/server/organizations.response-sla.ts?tss-serverfn-split:58:39 createServerFn().inputValidator() is deprecated. Use createServerFn().validator() instead.
[plugin tanstack-start-core::server-fn:ssr] /private/tmp/repkey-fnd01.INMxZB/source/src/contexts/identity/server/organizations.registration.ts?tss-serverfn-split:51:31 createServerFn().inputValidator() is deprecated. Use createServerFn().validator() instead.
[plugin tanstack-start-core::server-fn:ssr] /private/tmp/repkey-fnd01.INMxZB/source/src/contexts/identity/server/organizations.registration.ts?tss-serverfn-split:84:35 createServerFn().inputValidator() is deprecated. Use createServerFn().validator() instead.
[plugin tanstack-start-core::server-fn:ssr] /private/tmp/repkey-fnd01.INMxZB/source/src/contexts/identity/server/organizations.registration.ts?tss-serverfn-split:119:27 createServerFn().inputValidator() is deprecated. Use createServerFn().validator() instead.
[plugin tanstack-start-core::server-fn:ssr] /private/tmp/repkey-fnd01.INMxZB/source/src/contexts/identity/server/organizations.registration.ts?tss-serverfn-split:196:38 createServerFn().inputValidator() is deprecated. Use createServerFn().validator() instead.
[plugin tanstack-start-core::server-fn:ssr] /private/tmp/repkey-fnd01.INMxZB/source/src/contexts/identity/server/organizations.invitations.ts?tss-serverfn-split:26:33 createServerFn().inputValidator() is deprecated. Use createServerFn().validator() instead.
[plugin tanstack-start-core::server-fn:ssr] /private/tmp/repkey-fnd01.INMxZB/source/src/contexts/identity/server/organizations.invitations.ts?tss-serverfn-split:56:33 createServerFn().inputValidator() is deprecated. Use createServerFn().validator() instead.
[plugin tanstack-start-core::server-fn:ssr] /private/tmp/repkey-fnd01.INMxZB/source/src/contexts/identity/server/organizations.invitations.ts?tss-serverfn-split:83:33 createServerFn().inputValidator() is deprecated. Use createServerFn().validator() instead.
[plugin tanstack-start-core::server-fn:ssr] /private/tmp/repkey-fnd01.INMxZB/source/src/contexts/review/server/reply.ts?tss-serverfn-split:17:30 createServerFn().inputValidator() is deprecated. Use createServerFn().validator() instead.
[plugin tanstack-start-core::server-fn:ssr] /private/tmp/repkey-fnd01.INMxZB/source/src/contexts/review/server/reply.ts?tss-serverfn-split:44:30 createServerFn().inputValidator() is deprecated. Use createServerFn().validator() instead.
[plugin tanstack-start-core::server-fn:ssr] /private/tmp/repkey-fnd01.INMxZB/source/src/contexts/review/server/reply.ts?tss-serverfn-split:69:31 createServerFn().inputValidator() is deprecated. Use createServerFn().validator() instead.
[plugin tanstack-start-core::server-fn:ssr] /private/tmp/repkey-fnd01.INMxZB/source/src/contexts/leaderboard/server/leaderboards.ts?tss-serverfn-split:15:36 createServerFn().inputValidator() is deprecated. Use createServerFn().validator() instead.
[plugin tanstack-start-core::server-fn:ssr] /private/tmp/repkey-fnd01.INMxZB/source/src/contexts/leaderboard/server/leaderboards.ts?tss-serverfn-split:44:39 createServerFn().inputValidator() is deprecated. Use createServerFn().validator() instead.
[plugin tanstack-start-core::server-fn:ssr] /private/tmp/repkey-fnd01.INMxZB/source/src/contexts/leaderboard/server/leaderboards.ts?tss-serverfn-split:78:36 createServerFn().inputValidator() is deprecated. Use createServerFn().validator() instead.
[plugin tanstack-start-core::server-fn:ssr] /private/tmp/repkey-fnd01.INMxZB/source/src/contexts/leaderboard/server/leaderboards.ts?tss-serverfn-split:113:38 createServerFn().inputValidator() is deprecated. Use createServerFn().validator() instead.
[plugin tanstack-start-core::server-fn:ssr] /private/tmp/repkey-fnd01.INMxZB/source/src/contexts/integration/server/google-performance.ts?tss-serverfn-split:20:45 createServerFn().inputValidator() is deprecated. Use createServerFn().validator() instead.
[plugin tanstack-start-core::server-fn:ssr] /private/tmp/repkey-fnd01.INMxZB/source/src/contexts/integration/server/google-performance.ts?tss-serverfn-split:52:52 createServerFn().inputValidator() is deprecated. Use createServerFn().validator() instead.
[plugin tanstack-start-core::server-fn:ssr] /private/tmp/repkey-fnd01.INMxZB/source/src/contexts/integration/server/gbp-import.ts?tss-serverfn-split:111:35 createServerFn().inputValidator() is deprecated. Use createServerFn().validator() instead.
[plugin tanstack-start-core::server-fn:ssr] /private/tmp/repkey-fnd01.INMxZB/source/src/contexts/integration/server/gbp-import.ts?tss-serverfn-split:140:37 createServerFn().inputValidator() is deprecated. Use createServerFn().validator() instead.
[plugin tanstack-start-core::server-fn:ssr] /private/tmp/repkey-fnd01.INMxZB/source/src/contexts/integration/server/gbp-import.ts?tss-serverfn-split:172:46 createServerFn().inputValidator() is deprecated. Use createServerFn().validator() instead.
[plugin tanstack-start-core::server-fn:ssr] /private/tmp/repkey-fnd01.INMxZB/source/src/contexts/integration/server/gbp-import.ts?tss-serverfn-split:202:38 createServerFn().inputValidator() is deprecated. Use createServerFn().validator() instead.
[plugin tanstack-start-core::server-fn:ssr] /private/tmp/repkey-fnd01.INMxZB/source/src/contexts/integration/server/gbp-import.ts?tss-serverfn-split:226:40 createServerFn().inputValidator() is deprecated. Use createServerFn().validator() instead.
[plugin tanstack-start-core::server-fn:ssr] /private/tmp/repkey-fnd01.INMxZB/source/src/contexts/integration/server/gbp-import.ts?tss-serverfn-split:253:40 createServerFn().inputValidator() is deprecated. Use createServerFn().validator() instead.
[plugin tanstack-start-core::server-fn:ssr] /private/tmp/repkey-fnd01.INMxZB/source/src/contexts/integration/server/gbp-import.ts?tss-serverfn-split:276:42 createServerFn().inputValidator() is deprecated. Use createServerFn().validator() instead.
[plugin tanstack-start-core::server-fn:ssr] /private/tmp/repkey-fnd01.INMxZB/source/src/contexts/ai/server/reply-suggestion.ts?tss-serverfn-split:30:42 createServerFn().inputValidator() is deprecated. Use createServerFn().validator() instead.
[plugin tanstack-start-core::server-fn:ssr] /private/tmp/repkey-fnd01.INMxZB/source/src/shared/auth/controlled-route-check.ts?tss-serverfn-split:13:37 createServerFn().inputValidator() is deprecated. Use createServerFn().validator() instead.
[plugin tanstack-start-core::server-fn:ssr] /private/tmp/repkey-fnd01.INMxZB/source/src/contexts/badge/server/badges.ts?tss-serverfn-split:24:38 createServerFn().inputValidator() is deprecated. Use createServerFn().validator() instead.
[plugin tanstack-start-core::server-fn:ssr] /private/tmp/repkey-fnd01.INMxZB/source/src/contexts/badge/server/badges.ts?tss-serverfn-split:52:39 createServerFn().inputValidator() is deprecated. Use createServerFn().validator() instead.
[plugin tanstack-start-core::server-fn:ssr] /private/tmp/repkey-fnd01.INMxZB/source/src/contexts/badge/server/badges.ts?tss-serverfn-split:115:47 createServerFn().inputValidator() is deprecated. Use createServerFn().validator() instead.
[plugin tanstack-start-core::server-fn:ssr] /private/tmp/repkey-fnd01.INMxZB/source/src/contexts/review/server/reply-draft.ts?tss-serverfn-split:17:29 createServerFn().inputValidator() is deprecated. Use createServerFn().validator() instead.
[plugin tanstack-start-core::server-fn:ssr] /private/tmp/repkey-fnd01.INMxZB/source/src/contexts/review/server/reply-draft.ts?tss-serverfn-split:52:30 createServerFn().inputValidator() is deprecated. Use createServerFn().validator() instead.
[plugin tanstack-start-core::server-fn:ssr] /private/tmp/repkey-fnd01.INMxZB/source/src/contexts/review/server/reply-draft.ts?tss-serverfn-split:76:31 createServerFn().inputValidator() is deprecated. Use createServerFn().validator() instead.
[plugin tanstack-start-core::server-fn:ssr] /private/tmp/repkey-fnd01.INMxZB/source/src/contexts/review/server/reply-draft.ts?tss-serverfn-split:103:37 createServerFn().inputValidator() is deprecated. Use createServerFn().validator() instead.
[plugin tanstack-start-core::server-fn:ssr] /private/tmp/repkey-fnd01.INMxZB/source/src/contexts/identity/server/organizations.update.ts?tss-serverfn-split:46:35 createServerFn().inputValidator() is deprecated. Use createServerFn().validator() instead.
[plugin tanstack-start-core::server-fn:ssr] /private/tmp/repkey-fnd01.INMxZB/source/src/contexts/identity/server/policy-admin.ts?tss-serverfn-split:70:35 createServerFn().inputValidator() is deprecated. Use createServerFn().validator() instead.
[plugin tanstack-start-core::server-fn:ssr] /private/tmp/repkey-fnd01.INMxZB/source/src/contexts/identity/server/policy-admin.ts?tss-serverfn-split:111:40 createServerFn().inputValidator() is deprecated. Use createServerFn().validator() instead.
[plugin tanstack-start-core::server-fn:ssr] /private/tmp/repkey-fnd01.INMxZB/source/src/contexts/identity/server/policy-admin.ts?tss-serverfn-split:157:35 createServerFn().inputValidator() is deprecated. Use createServerFn().validator() instead.
[plugin tanstack-start-core::server-fn:ssr] /private/tmp/repkey-fnd01.INMxZB/source/src/contexts/identity/server/policy-admin.ts?tss-serverfn-split:190:40 createServerFn().inputValidator() is deprecated. Use createServerFn().validator() instead.
[plugin tanstack-start-core::server-fn:ssr] /private/tmp/repkey-fnd01.INMxZB/source/src/contexts/identity/server/policy-admin.ts?tss-serverfn-split:232:38 createServerFn().inputValidator() is deprecated. Use createServerFn().validator() instead.
[plugin tanstack-start-core::server-fn:ssr] /private/tmp/repkey-fnd01.INMxZB/source/src/contexts/identity/server/policy-admin.ts?tss-serverfn-split:277:39 createServerFn().inputValidator() is deprecated. Use createServerFn().validator() instead.
[plugin tanstack-start-core::server-fn:ssr] /private/tmp/repkey-fnd01.INMxZB/source/src/contexts/identity/server/policy-admin.ts?tss-serverfn-split:318:40 createServerFn().inputValidator() is deprecated. Use createServerFn().validator() instead.
[plugin tanstack-start-core::server-fn:ssr] /private/tmp/repkey-fnd01.INMxZB/source/src/contexts/identity/server/policy-admin.ts?tss-serverfn-split:362:38 createServerFn().inputValidator() is deprecated. Use createServerFn().validator() instead.
[plugin tanstack-start-core::server-fn:ssr] /private/tmp/repkey-fnd01.INMxZB/source/src/contexts/portal/server/portal-links.ts?tss-serverfn-split:53:27 createServerFn().inputValidator() is deprecated. Use createServerFn().validator() instead.
[plugin tanstack-start-core::server-fn:ssr] /private/tmp/repkey-fnd01.INMxZB/source/src/contexts/portal/server/portal-links.ts?tss-serverfn-split:85:27 createServerFn().inputValidator() is deprecated. Use createServerFn().validator() instead.
[plugin tanstack-start-core::server-fn:ssr] /private/tmp/repkey-fnd01.INMxZB/source/src/contexts/portal/server/portal-links.ts?tss-serverfn-split:113:27 createServerFn().inputValidator() is deprecated. Use createServerFn().validator() instead.
[plugin tanstack-start-core::server-fn:ssr] /private/tmp/repkey-fnd01.INMxZB/source/src/contexts/portal/server/portal-links.ts?tss-serverfn-split:141:29 createServerFn().inputValidator() is deprecated. Use createServerFn().validator() instead.
[plugin tanstack-start-core::server-fn:ssr] /private/tmp/repkey-fnd01.INMxZB/source/src/contexts/portal/server/portal-links.ts?tss-serverfn-split:179:32 createServerFn().inputValidator() is deprecated. Use createServerFn().validator() instead.
[plugin tanstack-start-core::server-fn:ssr] /private/tmp/repkey-fnd01.INMxZB/source/src/contexts/identity/server/organizations.members.ts?tss-serverfn-split:22:29 createServerFn().inputValidator() is deprecated. Use createServerFn().validator() instead.
[plugin tanstack-start-core::server-fn:ssr] /private/tmp/repkey-fnd01.INMxZB/source/src/contexts/identity/server/organizations.members.ts?tss-serverfn-split:47:33 createServerFn().inputValidator() is deprecated. Use createServerFn().validator() instead.
[plugin tanstack-start-core::server-fn:ssr] /private/tmp/repkey-fnd01.INMxZB/source/src/contexts/identity/server/organizations.members.ts?tss-serverfn-split:75:29 createServerFn().inputValidator() is deprecated. Use createServerFn().validator() instead.
[plugin tanstack-start-core::server-fn:ssr] /private/tmp/repkey-fnd01.INMxZB/source/src/contexts/property/server/properties.ts?tss-serverfn-split:23:31 createServerFn().inputValidator() is deprecated. Use createServerFn().validator() instead.
[plugin tanstack-start-core::server-fn:ssr] /private/tmp/repkey-fnd01.INMxZB/source/src/contexts/property/server/properties.ts?tss-serverfn-split:50:31 createServerFn().inputValidator() is deprecated. Use createServerFn().validator() instead.
[plugin tanstack-start-core::server-fn:ssr] /private/tmp/repkey-fnd01.INMxZB/source/src/contexts/portal/server/portal-link-categories.ts?tss-serverfn-split:50:35 createServerFn().inputValidator() is deprecated. Use createServerFn().validator() instead.
[plugin tanstack-start-core::server-fn:ssr] /private/tmp/repkey-fnd01.INMxZB/source/src/contexts/portal/server/portal-link-categories.ts?tss-serverfn-split:78:35 createServerFn().inputValidator() is deprecated. Use createServerFn().validator() instead.
[plugin tanstack-start-core::server-fn:ssr] /private/tmp/repkey-fnd01.INMxZB/source/src/contexts/portal/server/portal-link-categories.ts?tss-serverfn-split:106:35 createServerFn().inputValidator() is deprecated. Use createServerFn().validator() instead.
[plugin tanstack-start-core::server-fn:ssr] /private/tmp/repkey-fnd01.INMxZB/source/src/contexts/portal/server/portal-link-categories.ts?tss-serverfn-split:134:34 createServerFn().inputValidator() is deprecated. Use createServerFn().validator() instead.
[plugin tanstack-start-core::server-fn:ssr] /private/tmp/repkey-fnd01.INMxZB/source/src/contexts/integration/server/google-connections.ts?tss-serverfn-split:21:30 createServerFn().inputValidator() is deprecated. Use createServerFn().validator() instead.
[plugin tanstack-start-core::server-fn:ssr] /private/tmp/repkey-fnd01.INMxZB/source/src/contexts/integration/server/google-connections.ts?tss-serverfn-split:71:33 createServerFn().inputValidator() is deprecated. Use createServerFn().validator() instead.
[plugin tanstack-start-core::server-fn:ssr] /private/tmp/repkey-fnd01.INMxZB/source/src/contexts/integration/server/google-connections.ts?tss-serverfn-split:97:43 createServerFn().inputValidator() is deprecated. Use createServerFn().validator() instead.
[plugin tanstack-start-core::server-fn:ssr] /private/tmp/repkey-fnd01.INMxZB/source/src/contexts/ai/server/property-aggregates.ts?tss-serverfn-split:31:42 createServerFn().inputValidator() is deprecated. Use createServerFn().validator() instead.
[plugin tanstack-start-core::server-fn:ssr] /private/tmp/repkey-fnd01.INMxZB/source/src/contexts/guest/server/public.ts?tss-serverfn-split:217:38 createServerFn().inputValidator() is deprecated. Use createServerFn().validator() instead.
[plugin tanstack-start-core::server-fn:ssr] /private/tmp/repkey-fnd01.INMxZB/source/src/contexts/guest/server/public.ts?tss-serverfn-split:260:39 createServerFn().inputValidator() is deprecated. Use createServerFn().validator() instead.
[plugin tanstack-start-core::server-fn:ssr] /private/tmp/repkey-fnd01.INMxZB/source/src/contexts/guest/server/public.ts?tss-serverfn-split:304:40 createServerFn().inputValidator() is deprecated. Use createServerFn().validator() instead.
[plugin tanstack-start-core::server-fn:ssr] /private/tmp/repkey-fnd01.INMxZB/source/src/contexts/guest/server/public.ts?tss-serverfn-split:336:34 createServerFn().inputValidator() is deprecated. Use createServerFn().validator() instead.
[plugin tanstack-start-core::server-fn:ssr] /private/tmp/repkey-fnd01.INMxZB/source/src/contexts/guest/server/public.ts?tss-serverfn-split:375:36 createServerFn().inputValidator() is deprecated. Use createServerFn().validator() instead.
[plugin tanstack-start-core::server-fn:ssr] /private/tmp/repkey-fnd01.INMxZB/source/src/contexts/guest/server/public.ts?tss-serverfn-split:419:40 createServerFn().inputValidator() is deprecated. Use createServerFn().validator() instead.
[plugin tanstack-start-core::server-fn:ssr] /private/tmp/repkey-fnd01.INMxZB/source/src/contexts/dashboard/server/fleet-overview.ts?tss-serverfn-split:31:35 createServerFn().inputValidator() is deprecated. Use createServerFn().validator() instead.
[plugin tanstack-start-core::server-fn:ssr] /private/tmp/repkey-fnd01.INMxZB/source/src/contexts/staff/server/staff-portals.ts?tss-serverfn-split:19:33 createServerFn().inputValidator() is deprecated. Use createServerFn().validator() instead.
[plugin tanstack-start-core::server-fn:ssr] /private/tmp/repkey-fnd01.INMxZB/source/src/contexts/team/server/teams.ts?tss-serverfn-split:141:27 createServerFn().inputValidator() is deprecated. Use createServerFn().validator() instead.
[plugin tanstack-start-core::server-fn:ssr] /private/tmp/repkey-fnd01.INMxZB/source/src/contexts/team/server/teams.ts?tss-serverfn-split:170:27 createServerFn().inputValidator() is deprecated. Use createServerFn().validator() instead.
[plugin tanstack-start-core::server-fn:ssr] /private/tmp/repkey-fnd01.INMxZB/source/src/contexts/team/server/teams.ts?tss-serverfn-split:195:26 createServerFn().inputValidator() is deprecated. Use createServerFn().validator() instead.
[plugin tanstack-start-core::server-fn:ssr] /private/tmp/repkey-fnd01.INMxZB/source/src/contexts/team/server/teams.ts?tss-serverfn-split:227:27 createServerFn().inputValidator() is deprecated. Use createServerFn().validator() instead.
[plugin tanstack-start-core::server-fn:ssr] /private/tmp/repkey-fnd01.INMxZB/source/src/contexts/team/server/teams.ts?tss-serverfn-split:250:36 createServerFn().inputValidator() is deprecated. Use createServerFn().validator() instead.
[plugin tanstack-start-core::server-fn:ssr] /private/tmp/repkey-fnd01.INMxZB/source/src/contexts/team/server/teams.ts?tss-serverfn-split:270:30 createServerFn().inputValidator() is deprecated. Use createServerFn().validator() instead.
[plugin tanstack-start-core::server-fn:ssr] /private/tmp/repkey-fnd01.INMxZB/source/src/contexts/team/server/teams.ts?tss-serverfn-split:291:33 createServerFn().inputValidator() is deprecated. Use createServerFn().validator() instead.
[plugin tanstack-start-core::server-fn:ssr] /private/tmp/repkey-fnd01.INMxZB/source/src/contexts/team/server/teams.ts?tss-serverfn-split:312:28 createServerFn().inputValidator() is deprecated. Use createServerFn().validator() instead.
[plugin tanstack-start-core::server-fn:ssr] /private/tmp/repkey-fnd01.INMxZB/source/src/contexts/team/server/teams.ts?tss-serverfn-split:333:30 createServerFn().inputValidator() is deprecated. Use createServerFn().validator() instead.
[plugin tanstack-start-core::server-fn:ssr] /private/tmp/repkey-fnd01.INMxZB/source/src/contexts/team/server/teams.ts?tss-serverfn-split:354:27 createServerFn().inputValidator() is deprecated. Use createServerFn().validator() instead.
[plugin tanstack-start-core::server-fn:ssr] /private/tmp/repkey-fnd01.INMxZB/source/src/contexts/staff/server/staff-participations.ts?tss-serverfn-split:42:41 createServerFn().inputValidator() is deprecated. Use createServerFn().validator() instead.
[plugin tanstack-start-core::server-fn:ssr] /private/tmp/repkey-fnd01.INMxZB/source/src/contexts/staff/server/staff-participations.ts?tss-serverfn-split:68:40 createServerFn().inputValidator() is deprecated. Use createServerFn().validator() instead.
[plugin tanstack-start-core::server-fn:ssr] /private/tmp/repkey-fnd01.INMxZB/source/src/contexts/staff/server/staff-participations.ts?tss-serverfn-split:90:42 createServerFn().inputValidator() is deprecated. Use createServerFn().validator() instead.
[plugin tanstack-start-core::server-fn:ssr] /private/tmp/repkey-fnd01.INMxZB/source/src/contexts/staff/server/staff-participations.ts?tss-serverfn-split:112:45 createServerFn().inputValidator() is deprecated. Use createServerFn().validator() instead.
[plugin tanstack-start-core::server-fn:ssr] /private/tmp/repkey-fnd01.INMxZB/source/src/contexts/guest/server/guest-scans.ts?tss-serverfn-split:55:29 createServerFn().inputValidator() is deprecated. Use createServerFn().validator() instead.
[plugin tanstack-start-core::server-fn:ssr] /private/tmp/repkey-fnd01.INMxZB/source/src/contexts/guest/server/guest-scans.ts?tss-serverfn-split:153:32 createServerFn().inputValidator() is deprecated. Use createServerFn().validator() instead.
[plugin tanstack-start-core::server-fn:ssr] /private/tmp/repkey-fnd01.INMxZB/source/src/contexts/guest/server/guest-scans.ts?tss-serverfn-split:241:36 createServerFn().inputValidator() is deprecated. Use createServerFn().validator() instead.
[plugin tanstack-start-core::server-fn:ssr] /private/tmp/repkey-fnd01.INMxZB/source/src/contexts/portal/server/portals.ts?tss-serverfn-split:129:29 createServerFn().inputValidator() is deprecated. Use createServerFn().validator() instead.
[plugin tanstack-start-core::server-fn:ssr] /private/tmp/repkey-fnd01.INMxZB/source/src/contexts/portal/server/portals.ts?tss-serverfn-split:160:29 createServerFn().inputValidator() is deprecated. Use createServerFn().validator() instead.
[plugin tanstack-start-core::server-fn:ssr] /private/tmp/repkey-fnd01.INMxZB/source/src/contexts/portal/server/portals.ts?tss-serverfn-split:186:28 createServerFn().inputValidator() is deprecated. Use createServerFn().validator() instead.
[plugin tanstack-start-core::server-fn:ssr] /private/tmp/repkey-fnd01.INMxZB/source/src/contexts/portal/server/portals.ts?tss-serverfn-split:226:26 createServerFn().inputValidator() is deprecated. Use createServerFn().validator() instead.
[plugin tanstack-start-core::server-fn:ssr] /private/tmp/repkey-fnd01.INMxZB/source/src/contexts/portal/server/portals.ts?tss-serverfn-split:254:29 createServerFn().inputValidator() is deprecated. Use createServerFn().validator() instead.
[plugin tanstack-start-core::server-fn:ssr] /private/tmp/repkey-fnd01.INMxZB/source/src/contexts/portal/server/portals.ts?tss-serverfn-split:293:33 createServerFn().inputValidator() is deprecated. Use createServerFn().validator() instead.
[plugin tanstack-start-core::server-fn:ssr] /private/tmp/repkey-fnd01.INMxZB/source/src/contexts/portal/server/portals.ts?tss-serverfn-split:333:31 createServerFn().inputValidator() is deprecated. Use createServerFn().validator() instead.
[plugin tanstack-start-core::server-fn:ssr] /private/tmp/repkey-fnd01.INMxZB/source/src/contexts/portal/server/portals.ts?tss-serverfn-split:378:33 createServerFn().inputValidator() is deprecated. Use createServerFn().validator() instead.
[plugin tanstack-start-core::server-fn:ssr] /private/tmp/repkey-fnd01.INMxZB/source/src/contexts/portal/server/portals.ts?tss-serverfn-split:400:34 createServerFn().inputValidator() is deprecated. Use createServerFn().validator() instead.
[plugin tanstack-start-core::server-fn:ssr] /private/tmp/repkey-fnd01.INMxZB/source/src/contexts/portal/server/portals.ts?tss-serverfn-split:422:35 createServerFn().inputValidator() is deprecated. Use createServerFn().validator() instead.
[plugin tanstack-start-core::server-fn:ssr] /private/tmp/repkey-fnd01.INMxZB/source/src/contexts/portal/server/portals.ts?tss-serverfn-split:444:38 createServerFn().inputValidator() is deprecated. Use createServerFn().validator() instead.
[plugin tanstack-start-core::server-fn:ssr] /private/tmp/repkey-fnd01.INMxZB/source/src/contexts/goal/server/staff-goals.ts?tss-serverfn-split:25:31 createServerFn().inputValidator() is deprecated. Use createServerFn().validator() instead.
[plugin tanstack-start-core::server-fn:ssr] /private/tmp/repkey-fnd01.INMxZB/source/src/contexts/identity/server/auth-settings.ts?tss-serverfn-split:16:33 createServerFn().inputValidator() is deprecated. Use createServerFn().validator() instead.
[plugin tanstack-start-core::server-fn:ssr] /private/tmp/repkey-fnd01.INMxZB/source/src/contexts/identity/server/auth-settings.ts?tss-serverfn-split:62:32 createServerFn().inputValidator() is deprecated. Use createServerFn().validator() instead.
[plugin tanstack-start-core::server-fn:ssr] /private/tmp/repkey-fnd01.INMxZB/source/src/contexts/identity/server/auth-settings.ts?tss-serverfn-split:97:34 createServerFn().inputValidator() is deprecated. Use createServerFn().validator() instead.
[plugin tanstack-start-core::server-fn:ssr] /private/tmp/repkey-fnd01.INMxZB/source/src/contexts/notification/server/notifications.ts?tss-serverfn-split:64:35 createServerFn().inputValidator() is deprecated. Use createServerFn().validator() instead.
[plugin tanstack-start-core::server-fn:ssr] /private/tmp/repkey-fnd01.INMxZB/source/src/contexts/notification/server/notifications.ts?tss-serverfn-split:95:39 createServerFn().inputValidator() is deprecated. Use createServerFn().validator() instead.
[plugin tanstack-start-core::server-fn:ssr] /private/tmp/repkey-fnd01.INMxZB/source/src/contexts/notification/server/notifications.ts?tss-serverfn-split:136:41 createServerFn().inputValidator() is deprecated. Use createServerFn().validator() instead.
[plugin tanstack-start-core::server-fn:ssr] /private/tmp/repkey-fnd01.INMxZB/source/src/contexts/notification/server/notifications.ts?tss-serverfn-split:209:38 createServerFn().inputValidator() is deprecated. Use createServerFn().validator() instead.
[plugin tanstack-start-core::server-fn:ssr] /private/tmp/repkey-fnd01.INMxZB/source/src/contexts/notification/server/notifications.ts?tss-serverfn-split:280:47 createServerFn().inputValidator() is deprecated. Use createServerFn().validator() instead.
[plugin tanstack-start-core::server-fn:ssr] /private/tmp/repkey-fnd01.INMxZB/source/src/contexts/notification/server/notifications.ts?tss-serverfn-split:364:49 createServerFn().inputValidator() is deprecated. Use createServerFn().validator() instead.
[plugin tanstack-start-core::server-fn:ssr] /private/tmp/repkey-fnd01.INMxZB/source/src/contexts/ai/server/property-trend.ts?tss-serverfn-split:13:37 createServerFn().inputValidator() is deprecated. Use createServerFn().validator() instead.
[plugin tanstack-start-core::server-fn:ssr] /private/tmp/repkey-fnd01.INMxZB/source/src/contexts/activity/server/activity.ts?tss-serverfn-split:42:38 createServerFn().inputValidator() is deprecated. Use createServerFn().validator() instead.
[plugin tanstack-start-core::server-fn:ssr] /private/tmp/repkey-fnd01.INMxZB/source/src/contexts/activity/server/activity.ts?tss-serverfn-split:77:33 createServerFn().inputValidator() is deprecated. Use createServerFn().validator() instead.
[plugin tanstack-start-core::server-fn:ssr] /private/tmp/repkey-fnd01.INMxZB/source/src/contexts/property/server/property-read.ts?tss-serverfn-split:47:28 createServerFn().inputValidator() is deprecated. Use createServerFn().validator() instead.
[plugin tanstack-start-core::server-fn:ssr] /private/tmp/repkey-fnd01.INMxZB/source/src/contexts/property/server/property-read.ts?tss-serverfn-split:77:31 createServerFn().inputValidator() is deprecated. Use createServerFn().validator() instead.
[plugin tanstack-start-core::server-fn:ssr] /private/tmp/repkey-fnd01.INMxZB/source/src/contexts/dashboard/server/staff-dashboard.ts?tss-serverfn-split:28:40 createServerFn().inputValidator() is deprecated. Use createServerFn().validator() instead.
[plugin tanstack-start-core::server-fn:ssr] /private/tmp/repkey-fnd01.INMxZB/source/src/contexts/dashboard/server/attention-signals.ts?tss-serverfn-split:28:38 createServerFn().inputValidator() is deprecated. Use createServerFn().validator() instead.
[plugin tanstack-start-core::server-fn:ssr] /private/tmp/repkey-fnd01.INMxZB/source/src/contexts/review/server/reply-read.ts?tss-serverfn-split:73:27 createServerFn().inputValidator() is deprecated. Use createServerFn().validator() instead.
[plugin tanstack-start-core::server-fn:ssr] /private/tmp/repkey-fnd01.INMxZB/source/src/contexts/identity/server/organizations.upload.ts?tss-serverfn-split:28:37 createServerFn().inputValidator() is deprecated. Use createServerFn().validator() instead.
[plugin tanstack-start-core::server-fn:ssr] /private/tmp/repkey-fnd01.INMxZB/source/src/contexts/identity/server/organizations.upload.ts?tss-serverfn-split:57:38 createServerFn().inputValidator() is deprecated. Use createServerFn().validator() instead.
[plugin tanstack-start-core::server-fn:ssr] /private/tmp/repkey-fnd01.INMxZB/source/src/contexts/identity/server/organizations.upload.ts?tss-serverfn-split:96:36 createServerFn().inputValidator() is deprecated. Use createServerFn().validator() instead.
[plugin tanstack-start-core::server-fn:ssr] /private/tmp/repkey-fnd01.INMxZB/source/src/contexts/identity/server/organizations.upload.ts?tss-serverfn-split:125:37 createServerFn().inputValidator() is deprecated. Use createServerFn().validator() instead.
[plugin tanstack-start-core::server-fn:ssr] /private/tmp/repkey-fnd01.INMxZB/source/src/contexts/integration/server/google-auth-url.ts?tss-serverfn-split:22:33 createServerFn().inputValidator() is deprecated. Use createServerFn().validator() instead.
[plugin tanstack-start-core::server-fn:ssr] /private/tmp/repkey-fnd01.INMxZB/source/src/contexts/portal/server/portal-groups.ts?tss-serverfn-split:79:34 createServerFn().inputValidator() is deprecated. Use createServerFn().validator() instead.
[plugin tanstack-start-core::server-fn:ssr] /private/tmp/repkey-fnd01.INMxZB/source/src/contexts/portal/server/portal-groups.ts?tss-serverfn-split:110:34 createServerFn().inputValidator() is deprecated. Use createServerFn().validator() instead.
[plugin tanstack-start-core::server-fn:ssr] /private/tmp/repkey-fnd01.INMxZB/source/src/contexts/portal/server/portal-groups.ts?tss-serverfn-split:140:33 createServerFn().inputValidator() is deprecated. Use createServerFn().validator() instead.
[plugin tanstack-start-core::server-fn:ssr] /private/tmp/repkey-fnd01.INMxZB/source/src/contexts/portal/server/portal-groups.ts?tss-serverfn-split:175:31 createServerFn().inputValidator() is deprecated. Use createServerFn().validator() instead.
[plugin tanstack-start-core::server-fn:ssr] /private/tmp/repkey-fnd01.INMxZB/source/src/contexts/portal/server/portal-groups.ts?tss-serverfn-split:201:38 createServerFn().inputValidator() is deprecated. Use createServerFn().validator() instead.
[plugin tanstack-start-core::server-fn:ssr] /private/tmp/repkey-fnd01.INMxZB/source/src/contexts/portal/server/portal-groups.ts?tss-serverfn-split:232:33 createServerFn().inputValidator() is deprecated. Use createServerFn().validator() instead.
[plugin tanstack-start-core::server-fn:ssr] /private/tmp/repkey-fnd01.INMxZB/source/src/contexts/portal/server/portal-groups.ts?tss-serverfn-split:258:38 createServerFn().inputValidator() is deprecated. Use createServerFn().validator() instead.
[plugin tanstack-start-core::server-fn:ssr] /private/tmp/repkey-fnd01.INMxZB/source/src/contexts/review/server/staff-recent-activity.ts?tss-serverfn-split:20:39 createServerFn().inputValidator() is deprecated. Use createServerFn().validator() instead.
[plugin tanstack-start-core::server-fn:ssr] /private/tmp/repkey-fnd01.INMxZB/source/src/contexts/identity/server/merchant-ai.ts?tss-serverfn-split:55:45 createServerFn().inputValidator() is deprecated. Use createServerFn().validator() instead.
[plugin tanstack-start-core::server-fn:ssr] /private/tmp/repkey-fnd01.INMxZB/source/src/contexts/identity/server/merchant-ai.ts?tss-serverfn-split:79:35 createServerFn().inputValidator() is deprecated. Use createServerFn().validator() instead.
[plugin tanstack-start-core::server-fn:ssr] /private/tmp/repkey-fnd01.INMxZB/source/src/contexts/identity/server/merchant-ai.ts?tss-serverfn-split:105:47 createServerFn().inputValidator() is deprecated. Use createServerFn().validator() instead.
[plugin tanstack-start-core::server-fn:ssr] /private/tmp/repkey-fnd01.INMxZB/source/src/contexts/identity/server/merchant-ai.ts?tss-serverfn-split:136:35 createServerFn().inputValidator() is deprecated. Use createServerFn().validator() instead.
[plugin tanstack-start-core::server-fn:ssr] /private/tmp/repkey-fnd01.INMxZB/source/src/contexts/goal/server/governed-goals.ts?tss-serverfn-split:48:35 createServerFn().inputValidator() is deprecated. Use createServerFn().validator() instead.
[plugin tanstack-start-core::server-fn:ssr] /private/tmp/repkey-fnd01.INMxZB/source/src/contexts/goal/server/governed-goals.ts?tss-serverfn-split:71:35 createServerFn().inputValidator() is deprecated. Use createServerFn().validator() instead.
[plugin tanstack-start-core::server-fn:ssr] /private/tmp/repkey-fnd01.INMxZB/source/src/contexts/goal/server/governed-goals.ts?tss-serverfn-split:90:41 createServerFn().inputValidator() is deprecated. Use createServerFn().validator() instead.
[plugin tanstack-start-core::server-fn:ssr] /private/tmp/repkey-fnd01.INMxZB/source/src/contexts/goal/server/governed-goals.ts?tss-serverfn-split:105:32 createServerFn().inputValidator() is deprecated. Use createServerFn().validator() instead.
[plugin tanstack-start-core::server-fn:ssr] /private/tmp/repkey-fnd01.INMxZB/source/src/contexts/goal/server/governed-goals.ts?tss-serverfn-split:118:34 createServerFn().inputValidator() is deprecated. Use createServerFn().validator() instead.
[plugin tanstack-start-core::server-fn:ssr] /private/tmp/repkey-fnd01.INMxZB/source/src/contexts/identity/server/policy-admin.ts:70:35 createServerFn().inputValidator() is deprecated. Use createServerFn().validator() instead.
[plugin tanstack-start-core::server-fn:ssr] /private/tmp/repkey-fnd01.INMxZB/source/src/contexts/identity/server/policy-admin.ts:111:40 createServerFn().inputValidator() is deprecated. Use createServerFn().validator() instead.
[plugin tanstack-start-core::server-fn:ssr] /private/tmp/repkey-fnd01.INMxZB/source/src/contexts/identity/server/policy-admin.ts:157:35 createServerFn().inputValidator() is deprecated. Use createServerFn().validator() instead.
[plugin tanstack-start-core::server-fn:ssr] /private/tmp/repkey-fnd01.INMxZB/source/src/contexts/identity/server/policy-admin.ts:190:40 createServerFn().inputValidator() is deprecated. Use createServerFn().validator() instead.
[plugin tanstack-start-core::server-fn:ssr] /private/tmp/repkey-fnd01.INMxZB/source/src/contexts/identity/server/policy-admin.ts:232:38 createServerFn().inputValidator() is deprecated. Use createServerFn().validator() instead.
[plugin tanstack-start-core::server-fn:ssr] /private/tmp/repkey-fnd01.INMxZB/source/src/contexts/identity/server/policy-admin.ts:277:39 createServerFn().inputValidator() is deprecated. Use createServerFn().validator() instead.
[plugin tanstack-start-core::server-fn:ssr] /private/tmp/repkey-fnd01.INMxZB/source/src/contexts/identity/server/policy-admin.ts:318:40 createServerFn().inputValidator() is deprecated. Use createServerFn().validator() instead.
[plugin tanstack-start-core::server-fn:ssr] /private/tmp/repkey-fnd01.INMxZB/source/src/contexts/identity/server/policy-admin.ts:362:38 createServerFn().inputValidator() is deprecated. Use createServerFn().validator() instead.
[plugin tanstack-start-core::server-fn:ssr] /private/tmp/repkey-fnd01.INMxZB/source/src/contexts/leaderboard/server/leaderboards.ts:15:36 createServerFn().inputValidator() is deprecated. Use createServerFn().validator() instead.
[plugin tanstack-start-core::server-fn:ssr] /private/tmp/repkey-fnd01.INMxZB/source/src/contexts/leaderboard/server/leaderboards.ts:44:39 createServerFn().inputValidator() is deprecated. Use createServerFn().validator() instead.
[plugin tanstack-start-core::server-fn:ssr] /private/tmp/repkey-fnd01.INMxZB/source/src/contexts/leaderboard/server/leaderboards.ts:78:36 createServerFn().inputValidator() is deprecated. Use createServerFn().validator() instead.
[plugin tanstack-start-core::server-fn:ssr] /private/tmp/repkey-fnd01.INMxZB/source/src/contexts/leaderboard/server/leaderboards.ts:113:38 createServerFn().inputValidator() is deprecated. Use createServerFn().validator() instead.
[plugin tanstack-start-core::server-fn:ssr] /private/tmp/repkey-fnd01.INMxZB/source/src/shared/auth/capability-set.ts:51:33 createServerFn().inputValidator() is deprecated. Use createServerFn().validator() instead.
[plugin tanstack-start-core::server-fn:ssr] /private/tmp/repkey-fnd01.INMxZB/source/src/contexts/review/server/reply-read.ts:73:27 createServerFn().inputValidator() is deprecated. Use createServerFn().validator() instead.
[plugin tanstack-start-core::server-fn:ssr] /private/tmp/repkey-fnd01.INMxZB/source/src/contexts/portal/server/portals.ts:129:29 createServerFn().inputValidator() is deprecated. Use createServerFn().validator() instead.
[plugin tanstack-start-core::server-fn:ssr] /private/tmp/repkey-fnd01.INMxZB/source/src/contexts/portal/server/portals.ts:160:29 createServerFn().inputValidator() is deprecated. Use createServerFn().validator() instead.
[plugin tanstack-start-core::server-fn:ssr] /private/tmp/repkey-fnd01.INMxZB/source/src/contexts/portal/server/portals.ts:186:28 createServerFn().inputValidator() is deprecated. Use createServerFn().validator() instead.
[plugin tanstack-start-core::server-fn:ssr] /private/tmp/repkey-fnd01.INMxZB/source/src/contexts/portal/server/portals.ts:226:26 createServerFn().inputValidator() is deprecated. Use createServerFn().validator() instead.
[plugin tanstack-start-core::server-fn:ssr] /private/tmp/repkey-fnd01.INMxZB/source/src/contexts/portal/server/portals.ts:254:29 createServerFn().inputValidator() is deprecated. Use createServerFn().validator() instead.
[plugin tanstack-start-core::server-fn:ssr] /private/tmp/repkey-fnd01.INMxZB/source/src/contexts/portal/server/portals.ts:293:33 createServerFn().inputValidator() is deprecated. Use createServerFn().validator() instead.
[plugin tanstack-start-core::server-fn:ssr] /private/tmp/repkey-fnd01.INMxZB/source/src/contexts/portal/server/portals.ts:333:31 createServerFn().inputValidator() is deprecated. Use createServerFn().validator() instead.
[plugin tanstack-start-core::server-fn:ssr] /private/tmp/repkey-fnd01.INMxZB/source/src/contexts/portal/server/portals.ts:378:33 createServerFn().inputValidator() is deprecated. Use createServerFn().validator() instead.
[plugin tanstack-start-core::server-fn:ssr] /private/tmp/repkey-fnd01.INMxZB/source/src/contexts/portal/server/portals.ts:400:34 createServerFn().inputValidator() is deprecated. Use createServerFn().validator() instead.
[plugin tanstack-start-core::server-fn:ssr] /private/tmp/repkey-fnd01.INMxZB/source/src/contexts/portal/server/portals.ts:422:35 createServerFn().inputValidator() is deprecated. Use createServerFn().validator() instead.
[plugin tanstack-start-core::server-fn:ssr] /private/tmp/repkey-fnd01.INMxZB/source/src/contexts/portal/server/portals.ts:444:38 createServerFn().inputValidator() is deprecated. Use createServerFn().validator() instead.
[plugin tanstack-start-core::server-fn:ssr] /private/tmp/repkey-fnd01.INMxZB/source/src/contexts/guest/server/guest-scans.ts:55:29 createServerFn().inputValidator() is deprecated. Use createServerFn().validator() instead.
[plugin tanstack-start-core::server-fn:ssr] /private/tmp/repkey-fnd01.INMxZB/source/src/contexts/guest/server/guest-scans.ts:153:32 createServerFn().inputValidator() is deprecated. Use createServerFn().validator() instead.
[plugin tanstack-start-core::server-fn:ssr] /private/tmp/repkey-fnd01.INMxZB/source/src/contexts/guest/server/guest-scans.ts:241:36 createServerFn().inputValidator() is deprecated. Use createServerFn().validator() instead.
[plugin tanstack-start-core::server-fn:ssr] /private/tmp/repkey-fnd01.INMxZB/source/src/contexts/identity/server/merchant-ai.ts:55:45 createServerFn().inputValidator() is deprecated. Use createServerFn().validator() instead.
[plugin tanstack-start-core::server-fn:ssr] /private/tmp/repkey-fnd01.INMxZB/source/src/contexts/identity/server/merchant-ai.ts:79:35 createServerFn().inputValidator() is deprecated. Use createServerFn().validator() instead.
[plugin tanstack-start-core::server-fn:ssr] /private/tmp/repkey-fnd01.INMxZB/source/src/contexts/identity/server/merchant-ai.ts:105:47 createServerFn().inputValidator() is deprecated. Use createServerFn().validator() instead.
[plugin tanstack-start-core::server-fn:ssr] /private/tmp/repkey-fnd01.INMxZB/source/src/contexts/identity/server/merchant-ai.ts:136:35 createServerFn().inputValidator() is deprecated. Use createServerFn().validator() instead.
[plugin tanstack-start-core::server-fn:ssr] /private/tmp/repkey-fnd01.INMxZB/source/src/shared/auth/controlled-route-check.ts:13:37 createServerFn().inputValidator() is deprecated. Use createServerFn().validator() instead.
[plugin tanstack-start-core::server-fn:ssr] /private/tmp/repkey-fnd01.INMxZB/source/src/contexts/identity/server/organizations.invitations.ts:26:33 createServerFn().inputValidator() is deprecated. Use createServerFn().validator() instead.
[plugin tanstack-start-core::server-fn:ssr] /private/tmp/repkey-fnd01.INMxZB/source/src/contexts/identity/server/organizations.invitations.ts:56:33 createServerFn().inputValidator() is deprecated. Use createServerFn().validator() instead.
[plugin tanstack-start-core::server-fn:ssr] /private/tmp/repkey-fnd01.INMxZB/source/src/contexts/identity/server/organizations.invitations.ts:83:33 createServerFn().inputValidator() is deprecated. Use createServerFn().validator() instead.
[plugin tanstack-start-core::server-fn:ssr] /private/tmp/repkey-fnd01.INMxZB/source/src/contexts/identity/server/organizations.registration.ts:51:31 createServerFn().inputValidator() is deprecated. Use createServerFn().validator() instead.
[plugin tanstack-start-core::server-fn:ssr] /private/tmp/repkey-fnd01.INMxZB/source/src/contexts/identity/server/organizations.registration.ts:84:35 createServerFn().inputValidator() is deprecated. Use createServerFn().validator() instead.
[plugin tanstack-start-core::server-fn:ssr] /private/tmp/repkey-fnd01.INMxZB/source/src/contexts/identity/server/organizations.registration.ts:119:27 createServerFn().inputValidator() is deprecated. Use createServerFn().validator() instead.
[plugin tanstack-start-core::server-fn:ssr] /private/tmp/repkey-fnd01.INMxZB/source/src/contexts/identity/server/organizations.registration.ts:196:38 createServerFn().inputValidator() is deprecated. Use createServerFn().validator() instead.
[plugin tanstack-start-core::server-fn:ssr] /private/tmp/repkey-fnd01.INMxZB/source/src/contexts/identity/server/organizations.members.ts:22:29 createServerFn().inputValidator() is deprecated. Use createServerFn().validator() instead.
[plugin tanstack-start-core::server-fn:ssr] /private/tmp/repkey-fnd01.INMxZB/source/src/contexts/identity/server/organizations.members.ts:47:33 createServerFn().inputValidator() is deprecated. Use createServerFn().validator() instead.
[plugin tanstack-start-core::server-fn:ssr] /private/tmp/repkey-fnd01.INMxZB/source/src/contexts/identity/server/organizations.members.ts:75:29 createServerFn().inputValidator() is deprecated. Use createServerFn().validator() instead.
[plugin tanstack-start-core::server-fn:ssr] /private/tmp/repkey-fnd01.INMxZB/source/src/contexts/property/server/properties.ts:23:31 createServerFn().inputValidator() is deprecated. Use createServerFn().validator() instead.
[plugin tanstack-start-core::server-fn:ssr] /private/tmp/repkey-fnd01.INMxZB/source/src/contexts/property/server/properties.ts:50:31 createServerFn().inputValidator() is deprecated. Use createServerFn().validator() instead.
[plugin tanstack-start-core::server-fn:ssr] /private/tmp/repkey-fnd01.INMxZB/source/src/contexts/identity/server/organizations.update.ts:46:35 createServerFn().inputValidator() is deprecated. Use createServerFn().validator() instead.
[plugin tanstack-start-core::server-fn:ssr] /private/tmp/repkey-fnd01.INMxZB/source/src/contexts/integration/server/google-performance.ts:20:45 createServerFn().inputValidator() is deprecated. Use createServerFn().validator() instead.
[plugin tanstack-start-core::server-fn:ssr] /private/tmp/repkey-fnd01.INMxZB/source/src/contexts/integration/server/google-performance.ts:52:52 createServerFn().inputValidator() is deprecated. Use createServerFn().validator() instead.
[plugin tanstack-start-core::server-fn:ssr] /private/tmp/repkey-fnd01.INMxZB/source/src/contexts/integration/server/google-connections.ts:21:30 createServerFn().inputValidator() is deprecated. Use createServerFn().validator() instead.
[plugin tanstack-start-core::server-fn:ssr] /private/tmp/repkey-fnd01.INMxZB/source/src/contexts/integration/server/google-connections.ts:71:33 createServerFn().inputValidator() is deprecated. Use createServerFn().validator() instead.
[plugin tanstack-start-core::server-fn:ssr] /private/tmp/repkey-fnd01.INMxZB/source/src/contexts/integration/server/google-connections.ts:97:43 createServerFn().inputValidator() is deprecated. Use createServerFn().validator() instead.
[plugin tanstack-start-core::server-fn:ssr] /private/tmp/repkey-fnd01.INMxZB/source/src/contexts/integration/server/gbp-import.ts:111:35 createServerFn().inputValidator() is deprecated. Use createServerFn().validator() instead.
[plugin tanstack-start-core::server-fn:ssr] /private/tmp/repkey-fnd01.INMxZB/source/src/contexts/integration/server/gbp-import.ts:140:37 createServerFn().inputValidator() is deprecated. Use createServerFn().validator() instead.
[plugin tanstack-start-core::server-fn:ssr] /private/tmp/repkey-fnd01.INMxZB/source/src/contexts/integration/server/gbp-import.ts:172:46 createServerFn().inputValidator() is deprecated. Use createServerFn().validator() instead.
[plugin tanstack-start-core::server-fn:ssr] /private/tmp/repkey-fnd01.INMxZB/source/src/contexts/integration/server/gbp-import.ts:202:38 createServerFn().inputValidator() is deprecated. Use createServerFn().validator() instead.
[plugin tanstack-start-core::server-fn:ssr] /private/tmp/repkey-fnd01.INMxZB/source/src/contexts/integration/server/gbp-import.ts:226:40 createServerFn().inputValidator() is deprecated. Use createServerFn().validator() instead.
[plugin tanstack-start-core::server-fn:ssr] /private/tmp/repkey-fnd01.INMxZB/source/src/contexts/integration/server/gbp-import.ts:253:40 createServerFn().inputValidator() is deprecated. Use createServerFn().validator() instead.
[plugin tanstack-start-core::server-fn:ssr] /private/tmp/repkey-fnd01.INMxZB/source/src/contexts/integration/server/gbp-import.ts:276:42 createServerFn().inputValidator() is deprecated. Use createServerFn().validator() instead.
[plugin tanstack-start-core::server-fn:ssr] /private/tmp/repkey-fnd01.INMxZB/source/src/contexts/identity/server/organizations.response-sla.ts:58:39 createServerFn().inputValidator() is deprecated. Use createServerFn().validator() instead.
[plugin tanstack-start-core::server-fn:ssr] /private/tmp/repkey-fnd01.INMxZB/source/src/contexts/dashboard/server/dashboard.ts:21:35 createServerFn().inputValidator() is deprecated. Use createServerFn().validator() instead.
[plugin tanstack-start-core::server-fn:ssr] /private/tmp/repkey-fnd01.INMxZB/source/src/contexts/dashboard/server/portal-analytics.ts:21:37 createServerFn().inputValidator() is deprecated. Use createServerFn().validator() instead.
[plugin tanstack-start-core::server-fn:ssr] /private/tmp/repkey-fnd01.INMxZB/source/src/contexts/portal/server/portal-links.ts:53:27 createServerFn().inputValidator() is deprecated. Use createServerFn().validator() instead.
[plugin tanstack-start-core::server-fn:ssr] /private/tmp/repkey-fnd01.INMxZB/source/src/contexts/portal/server/portal-links.ts:85:27 createServerFn().inputValidator() is deprecated. Use createServerFn().validator() instead.
[plugin tanstack-start-core::server-fn:ssr] /private/tmp/repkey-fnd01.INMxZB/source/src/contexts/portal/server/portal-links.ts:113:27 createServerFn().inputValidator() is deprecated. Use createServerFn().validator() instead.
[plugin tanstack-start-core::server-fn:ssr] /private/tmp/repkey-fnd01.INMxZB/source/src/contexts/portal/server/portal-links.ts:141:29 createServerFn().inputValidator() is deprecated. Use createServerFn().validator() instead.
[plugin tanstack-start-core::server-fn:ssr] /private/tmp/repkey-fnd01.INMxZB/source/src/contexts/portal/server/portal-links.ts:179:32 createServerFn().inputValidator() is deprecated. Use createServerFn().validator() instead.
[plugin tanstack-start-core::server-fn:ssr] /private/tmp/repkey-fnd01.INMxZB/source/src/contexts/badge/server/badges.ts:24:38 createServerFn().inputValidator() is deprecated. Use createServerFn().validator() instead.
[plugin tanstack-start-core::server-fn:ssr] /private/tmp/repkey-fnd01.INMxZB/source/src/contexts/badge/server/badges.ts:52:39 createServerFn().inputValidator() is deprecated. Use createServerFn().validator() instead.
[plugin tanstack-start-core::server-fn:ssr] /private/tmp/repkey-fnd01.INMxZB/source/src/contexts/badge/server/badges.ts:115:47 createServerFn().inputValidator() is deprecated. Use createServerFn().validator() instead.
[plugin tanstack-start-core::server-fn:ssr] /private/tmp/repkey-fnd01.INMxZB/source/src/contexts/identity/server/organizations.upload.ts:28:37 createServerFn().inputValidator() is deprecated. Use createServerFn().validator() instead.
[plugin tanstack-start-core::server-fn:ssr] /private/tmp/repkey-fnd01.INMxZB/source/src/contexts/identity/server/organizations.upload.ts:57:38 createServerFn().inputValidator() is deprecated. Use createServerFn().validator() instead.
[plugin tanstack-start-core::server-fn:ssr] /private/tmp/repkey-fnd01.INMxZB/source/src/contexts/identity/server/organizations.upload.ts:96:36 createServerFn().inputValidator() is deprecated. Use createServerFn().validator() instead.
[plugin tanstack-start-core::server-fn:ssr] /private/tmp/repkey-fnd01.INMxZB/source/src/contexts/identity/server/organizations.upload.ts:125:37 createServerFn().inputValidator() is deprecated. Use createServerFn().validator() instead.
[plugin tanstack-start-core::server-fn:ssr] /private/tmp/repkey-fnd01.INMxZB/source/src/contexts/notification/server/notifications.ts:64:35 createServerFn().inputValidator() is deprecated. Use createServerFn().validator() instead.
[plugin tanstack-start-core::server-fn:ssr] /private/tmp/repkey-fnd01.INMxZB/source/src/contexts/notification/server/notifications.ts:95:39 createServerFn().inputValidator() is deprecated. Use createServerFn().validator() instead.
[plugin tanstack-start-core::server-fn:ssr] /private/tmp/repkey-fnd01.INMxZB/source/src/contexts/notification/server/notifications.ts:136:41 createServerFn().inputValidator() is deprecated. Use createServerFn().validator() instead.
[plugin tanstack-start-core::server-fn:ssr] /private/tmp/repkey-fnd01.INMxZB/source/src/contexts/notification/server/notifications.ts:209:38 createServerFn().inputValidator() is deprecated. Use createServerFn().validator() instead.
[plugin tanstack-start-core::server-fn:ssr] /private/tmp/repkey-fnd01.INMxZB/source/src/contexts/notification/server/notifications.ts:280:47 createServerFn().inputValidator() is deprecated. Use createServerFn().validator() instead.
[plugin tanstack-start-core::server-fn:ssr] /private/tmp/repkey-fnd01.INMxZB/source/src/contexts/notification/server/notifications.ts:364:49 createServerFn().inputValidator() is deprecated. Use createServerFn().validator() instead.
[plugin tanstack-start-core::server-fn:ssr] /private/tmp/repkey-fnd01.INMxZB/source/src/contexts/ai/server/property-aggregates.ts:31:42 createServerFn().inputValidator() is deprecated. Use createServerFn().validator() instead.
[plugin tanstack-start-core::server-fn:ssr] /private/tmp/repkey-fnd01.INMxZB/source/src/contexts/ai/server/property-trend.ts:13:37 createServerFn().inputValidator() is deprecated. Use createServerFn().validator() instead.
[plugin tanstack-start-core::server-fn:ssr] /private/tmp/repkey-fnd01.INMxZB/source/src/contexts/team/server/teams.ts:141:27 createServerFn().inputValidator() is deprecated. Use createServerFn().validator() instead.
[plugin tanstack-start-core::server-fn:ssr] /private/tmp/repkey-fnd01.INMxZB/source/src/contexts/team/server/teams.ts:170:27 createServerFn().inputValidator() is deprecated. Use createServerFn().validator() instead.
[plugin tanstack-start-core::server-fn:ssr] /private/tmp/repkey-fnd01.INMxZB/source/src/contexts/team/server/teams.ts:195:26 createServerFn().inputValidator() is deprecated. Use createServerFn().validator() instead.
[plugin tanstack-start-core::server-fn:ssr] /private/tmp/repkey-fnd01.INMxZB/source/src/contexts/team/server/teams.ts:227:27 createServerFn().inputValidator() is deprecated. Use createServerFn().validator() instead.
[plugin tanstack-start-core::server-fn:ssr] /private/tmp/repkey-fnd01.INMxZB/source/src/contexts/team/server/teams.ts:250:36 createServerFn().inputValidator() is deprecated. Use createServerFn().validator() instead.
[plugin tanstack-start-core::server-fn:ssr] /private/tmp/repkey-fnd01.INMxZB/source/src/contexts/team/server/teams.ts:270:30 createServerFn().inputValidator() is deprecated. Use createServerFn().validator() instead.
[plugin tanstack-start-core::server-fn:ssr] /private/tmp/repkey-fnd01.INMxZB/source/src/contexts/team/server/teams.ts:291:33 createServerFn().inputValidator() is deprecated. Use createServerFn().validator() instead.
[plugin tanstack-start-core::server-fn:ssr] /private/tmp/repkey-fnd01.INMxZB/source/src/contexts/team/server/teams.ts:312:28 createServerFn().inputValidator() is deprecated. Use createServerFn().validator() instead.
[plugin tanstack-start-core::server-fn:ssr] /private/tmp/repkey-fnd01.INMxZB/source/src/contexts/team/server/teams.ts:333:30 createServerFn().inputValidator() is deprecated. Use createServerFn().validator() instead.
[plugin tanstack-start-core::server-fn:ssr] /private/tmp/repkey-fnd01.INMxZB/source/src/contexts/team/server/teams.ts:354:27 createServerFn().inputValidator() is deprecated. Use createServerFn().validator() instead.
[plugin tanstack-start-core::server-fn:ssr] /private/tmp/repkey-fnd01.INMxZB/source/src/contexts/identity/server/auth-settings.ts:16:33 createServerFn().inputValidator() is deprecated. Use createServerFn().validator() instead.
[plugin tanstack-start-core::server-fn:ssr] /private/tmp/repkey-fnd01.INMxZB/source/src/contexts/identity/server/auth-settings.ts:62:32 createServerFn().inputValidator() is deprecated. Use createServerFn().validator() instead.
[plugin tanstack-start-core::server-fn:ssr] /private/tmp/repkey-fnd01.INMxZB/source/src/contexts/identity/server/auth-settings.ts:97:34 createServerFn().inputValidator() is deprecated. Use createServerFn().validator() instead.
[plugin tanstack-start-core::server-fn:ssr] /private/tmp/repkey-fnd01.INMxZB/source/src/contexts/guest/server/public.ts:217:38 createServerFn().inputValidator() is deprecated. Use createServerFn().validator() instead.
[plugin tanstack-start-core::server-fn:ssr] /private/tmp/repkey-fnd01.INMxZB/source/src/contexts/guest/server/public.ts:260:39 createServerFn().inputValidator() is deprecated. Use createServerFn().validator() instead.
[plugin tanstack-start-core::server-fn:ssr] /private/tmp/repkey-fnd01.INMxZB/source/src/contexts/guest/server/public.ts:304:40 createServerFn().inputValidator() is deprecated. Use createServerFn().validator() instead.
[plugin tanstack-start-core::server-fn:ssr] /private/tmp/repkey-fnd01.INMxZB/source/src/contexts/guest/server/public.ts:336:34 createServerFn().inputValidator() is deprecated. Use createServerFn().validator() instead.
[plugin tanstack-start-core::server-fn:ssr] /private/tmp/repkey-fnd01.INMxZB/source/src/contexts/guest/server/public.ts:375:36 createServerFn().inputValidator() is deprecated. Use createServerFn().validator() instead.
[plugin tanstack-start-core::server-fn:ssr] /private/tmp/repkey-fnd01.INMxZB/source/src/contexts/guest/server/public.ts:419:40 createServerFn().inputValidator() is deprecated. Use createServerFn().validator() instead.
[plugin tanstack-start-core::server-fn:ssr] /private/tmp/repkey-fnd01.INMxZB/source/src/contexts/portal/server/portal-groups.ts:79:34 createServerFn().inputValidator() is deprecated. Use createServerFn().validator() instead.
[plugin tanstack-start-core::server-fn:ssr] /private/tmp/repkey-fnd01.INMxZB/source/src/contexts/portal/server/portal-groups.ts:110:34 createServerFn().inputValidator() is deprecated. Use createServerFn().validator() instead.
[plugin tanstack-start-core::server-fn:ssr] /private/tmp/repkey-fnd01.INMxZB/source/src/contexts/portal/server/portal-groups.ts:140:33 createServerFn().inputValidator() is deprecated. Use createServerFn().validator() instead.
[plugin tanstack-start-core::server-fn:ssr] /private/tmp/repkey-fnd01.INMxZB/source/src/contexts/portal/server/portal-groups.ts:175:31 createServerFn().inputValidator() is deprecated. Use createServerFn().validator() instead.
[plugin tanstack-start-core::server-fn:ssr] /private/tmp/repkey-fnd01.INMxZB/source/src/contexts/portal/server/portal-groups.ts:201:38 createServerFn().inputValidator() is deprecated. Use createServerFn().validator() instead.
[plugin tanstack-start-core::server-fn:ssr] /private/tmp/repkey-fnd01.INMxZB/source/src/contexts/portal/server/portal-groups.ts:232:33 createServerFn().inputValidator() is deprecated. Use createServerFn().validator() instead.
[plugin tanstack-start-core::server-fn:ssr] /private/tmp/repkey-fnd01.INMxZB/source/src/contexts/portal/server/portal-groups.ts:258:38 createServerFn().inputValidator() is deprecated. Use createServerFn().validator() instead.
[plugin tanstack-start-core::server-fn:ssr] /private/tmp/repkey-fnd01.INMxZB/source/src/contexts/goal/server/governed-goals.ts:48:35 createServerFn().inputValidator() is deprecated. Use createServerFn().validator() instead.
[plugin tanstack-start-core::server-fn:ssr] /private/tmp/repkey-fnd01.INMxZB/source/src/contexts/goal/server/governed-goals.ts:71:35 createServerFn().inputValidator() is deprecated. Use createServerFn().validator() instead.
[plugin tanstack-start-core::server-fn:ssr] /private/tmp/repkey-fnd01.INMxZB/source/src/contexts/goal/server/governed-goals.ts:90:41 createServerFn().inputValidator() is deprecated. Use createServerFn().validator() instead.
[plugin tanstack-start-core::server-fn:ssr] /private/tmp/repkey-fnd01.INMxZB/source/src/contexts/goal/server/governed-goals.ts:105:32 createServerFn().inputValidator() is deprecated. Use createServerFn().validator() instead.
[plugin tanstack-start-core::server-fn:ssr] /private/tmp/repkey-fnd01.INMxZB/source/src/contexts/goal/server/governed-goals.ts:118:34 createServerFn().inputValidator() is deprecated. Use createServerFn().validator() instead.
[plugin tanstack-start-core::server-fn:ssr] /private/tmp/repkey-fnd01.INMxZB/source/src/contexts/dashboard/server/fleet-overview.ts:31:35 createServerFn().inputValidator() is deprecated. Use createServerFn().validator() instead.
[plugin tanstack-start-core::server-fn:ssr] /private/tmp/repkey-fnd01.INMxZB/source/src/contexts/dashboard/server/attention-signals.ts:28:38 createServerFn().inputValidator() is deprecated. Use createServerFn().validator() instead.
[plugin tanstack-start-core::server-fn:ssr] /private/tmp/repkey-fnd01.INMxZB/source/src/contexts/staff/server/staff-participations.ts:42:41 createServerFn().inputValidator() is deprecated. Use createServerFn().validator() instead.
[plugin tanstack-start-core::server-fn:ssr] /private/tmp/repkey-fnd01.INMxZB/source/src/contexts/staff/server/staff-participations.ts:68:40 createServerFn().inputValidator() is deprecated. Use createServerFn().validator() instead.
[plugin tanstack-start-core::server-fn:ssr] /private/tmp/repkey-fnd01.INMxZB/source/src/contexts/staff/server/staff-participations.ts:90:42 createServerFn().inputValidator() is deprecated. Use createServerFn().validator() instead.
[plugin tanstack-start-core::server-fn:ssr] /private/tmp/repkey-fnd01.INMxZB/source/src/contexts/staff/server/staff-participations.ts:112:45 createServerFn().inputValidator() is deprecated. Use createServerFn().validator() instead.
[plugin tanstack-start-core::server-fn:ssr] /private/tmp/repkey-fnd01.INMxZB/source/src/contexts/review/server/staff-recent-activity.ts:20:39 createServerFn().inputValidator() is deprecated. Use createServerFn().validator() instead.
[plugin tanstack-start-core::server-fn:ssr] /private/tmp/repkey-fnd01.INMxZB/source/src/contexts/goal/server/staff-goals.ts:25:31 createServerFn().inputValidator() is deprecated. Use createServerFn().validator() instead.
[plugin tanstack-start-core::server-fn:ssr] /private/tmp/repkey-fnd01.INMxZB/source/src/contexts/dashboard/server/staff-dashboard.ts:28:40 createServerFn().inputValidator() is deprecated. Use createServerFn().validator() instead.
[plugin tanstack-start-core::server-fn:ssr] /private/tmp/repkey-fnd01.INMxZB/source/src/contexts/staff/server/staff-portals.ts:19:33 createServerFn().inputValidator() is deprecated. Use createServerFn().validator() instead.
[plugin tanstack-start-core::server-fn:ssr] /private/tmp/repkey-fnd01.INMxZB/source/src/contexts/ai/server/reply-suggestion.ts:30:42 createServerFn().inputValidator() is deprecated. Use createServerFn().validator() instead.
[plugin tanstack-start-core::server-fn:ssr] /private/tmp/repkey-fnd01.INMxZB/source/src/contexts/portal/server/portal-link-categories.ts:50:35 createServerFn().inputValidator() is deprecated. Use createServerFn().validator() instead.
[plugin tanstack-start-core::server-fn:ssr] /private/tmp/repkey-fnd01.INMxZB/source/src/contexts/portal/server/portal-link-categories.ts:78:35 createServerFn().inputValidator() is deprecated. Use createServerFn().validator() instead.
[plugin tanstack-start-core::server-fn:ssr] /private/tmp/repkey-fnd01.INMxZB/source/src/contexts/portal/server/portal-link-categories.ts:106:35 createServerFn().inputValidator() is deprecated. Use createServerFn().validator() instead.
[plugin tanstack-start-core::server-fn:ssr] /private/tmp/repkey-fnd01.INMxZB/source/src/contexts/portal/server/portal-link-categories.ts:134:34 createServerFn().inputValidator() is deprecated. Use createServerFn().validator() instead.
[plugin tanstack-start-core::server-fn:ssr] /private/tmp/repkey-fnd01.INMxZB/source/src/contexts/activity/server/activity.ts:42:38 createServerFn().inputValidator() is deprecated. Use createServerFn().validator() instead.
[plugin tanstack-start-core::server-fn:ssr] /private/tmp/repkey-fnd01.INMxZB/source/src/contexts/activity/server/activity.ts:77:33 createServerFn().inputValidator() is deprecated. Use createServerFn().validator() instead.
[plugin tanstack-start-core::server-fn:ssr] /private/tmp/repkey-fnd01.INMxZB/source/src/contexts/property/server/property-read.ts:47:28 createServerFn().inputValidator() is deprecated. Use createServerFn().validator() instead.
[plugin tanstack-start-core::server-fn:ssr] /private/tmp/repkey-fnd01.INMxZB/source/src/contexts/property/server/property-read.ts:77:31 createServerFn().inputValidator() is deprecated. Use createServerFn().validator() instead.
[plugin tanstack-start-core::server-fn:ssr] /private/tmp/repkey-fnd01.INMxZB/source/src/contexts/integration/server/google-auth-url.ts:22:33 createServerFn().inputValidator() is deprecated. Use createServerFn().validator() instead.
[plugin tanstack-start-core::server-fn:ssr] /private/tmp/repkey-fnd01.INMxZB/source/src/contexts/inbox/server/inbox-item-queries.ts?tss-serverfn-split:19:37 createServerFn().inputValidator() is deprecated. Use createServerFn().validator() instead.
[plugin tanstack-start-core::server-fn:ssr] /private/tmp/repkey-fnd01.INMxZB/source/src/contexts/inbox/server/inbox-item-queries.ts?tss-serverfn-split:48:32 createServerFn().inputValidator() is deprecated. Use createServerFn().validator() instead.
[plugin tanstack-start-core::server-fn:ssr] /private/tmp/repkey-fnd01.INMxZB/source/src/contexts/inbox/server/inbox-item-actions.ts?tss-serverfn-split:20:34 createServerFn().inputValidator() is deprecated. Use createServerFn().validator() instead.
[plugin tanstack-start-core::server-fn:ssr] /private/tmp/repkey-fnd01.INMxZB/source/src/contexts/inbox/server/inbox-item-actions.ts?tss-serverfn-split:52:31 createServerFn().inputValidator() is deprecated. Use createServerFn().validator() instead.
[plugin tanstack-start-core::server-fn:ssr] /private/tmp/repkey-fnd01.INMxZB/source/src/contexts/inbox/server/inbox-queries.ts?tss-serverfn-split:25:32 createServerFn().inputValidator() is deprecated. Use createServerFn().validator() instead.
[plugin tanstack-start-core::server-fn:ssr] /private/tmp/repkey-fnd01.INMxZB/source/src/contexts/inbox/server/inbox-queries.ts?tss-serverfn-split:109:36 createServerFn().inputValidator() is deprecated. Use createServerFn().validator() instead.
[plugin tanstack-start-core::server-fn:ssr] /private/tmp/repkey-fnd01.INMxZB/source/src/contexts/inbox/server/inbox-queries.ts?tss-serverfn-split:133:37 createServerFn().inputValidator() is deprecated. Use createServerFn().validator() instead.
[plugin tanstack-start-core::server-fn:ssr] /private/tmp/repkey-fnd01.INMxZB/source/src/contexts/inbox/server/inbox-queries.ts?tss-serverfn-split:157:39 createServerFn().inputValidator() is deprecated. Use createServerFn().validator() instead.
[plugin tanstack-start-core::server-fn:ssr] /private/tmp/repkey-fnd01.INMxZB/source/src/contexts/inbox/server/inbox-status.ts?tss-serverfn-split:24:36 createServerFn().inputValidator() is deprecated. Use createServerFn().validator() instead.
[plugin tanstack-start-core::server-fn:ssr] /private/tmp/repkey-fnd01.INMxZB/source/src/contexts/inbox/server/inbox-status.ts?tss-serverfn-split:54:40 createServerFn().inputValidator() is deprecated. Use createServerFn().validator() instead.
[plugin tanstack-start-core::server-fn:ssr] /private/tmp/repkey-fnd01.INMxZB/source/src/contexts/inbox/server/inbox-status.ts?tss-serverfn-split:84:36 createServerFn().inputValidator() is deprecated. Use createServerFn().validator() instead.
[plugin tanstack-start-core::server-fn:ssr] /private/tmp/repkey-fnd01.INMxZB/source/src/contexts/inbox/server/inbox-status.ts?tss-serverfn-split:111:36 createServerFn().inputValidator() is deprecated. Use createServerFn().validator() instead.
[plugin tanstack-start-core::server-fn:ssr] /private/tmp/repkey-fnd01.INMxZB/source/src/contexts/inbox/server/inbox-queries.ts:25:32 createServerFn().inputValidator() is deprecated. Use createServerFn().validator() instead.
[plugin tanstack-start-core::server-fn:ssr] /private/tmp/repkey-fnd01.INMxZB/source/src/contexts/inbox/server/inbox-queries.ts:109:36 createServerFn().inputValidator() is deprecated. Use createServerFn().validator() instead.
[plugin tanstack-start-core::server-fn:ssr] /private/tmp/repkey-fnd01.INMxZB/source/src/contexts/inbox/server/inbox-queries.ts:133:37 createServerFn().inputValidator() is deprecated. Use createServerFn().validator() instead.
[plugin tanstack-start-core::server-fn:ssr] /private/tmp/repkey-fnd01.INMxZB/source/src/contexts/inbox/server/inbox-queries.ts:157:39 createServerFn().inputValidator() is deprecated. Use createServerFn().validator() instead.
[plugin tanstack-start-core::server-fn:ssr] /private/tmp/repkey-fnd01.INMxZB/source/src/contexts/inbox/server/inbox-item-actions.ts:20:34 createServerFn().inputValidator() is deprecated. Use createServerFn().validator() instead.
[plugin tanstack-start-core::server-fn:ssr] /private/tmp/repkey-fnd01.INMxZB/source/src/contexts/inbox/server/inbox-item-actions.ts:52:31 createServerFn().inputValidator() is deprecated. Use createServerFn().validator() instead.
[plugin tanstack-start-core::server-fn:ssr] /private/tmp/repkey-fnd01.INMxZB/source/src/contexts/inbox/server/inbox-item-queries.ts:19:37 createServerFn().inputValidator() is deprecated. Use createServerFn().validator() instead.
[plugin tanstack-start-core::server-fn:ssr] /private/tmp/repkey-fnd01.INMxZB/source/src/contexts/inbox/server/inbox-item-queries.ts:48:32 createServerFn().inputValidator() is deprecated. Use createServerFn().validator() instead.
[plugin tanstack-start-core::server-fn:ssr] /private/tmp/repkey-fnd01.INMxZB/source/src/contexts/inbox/server/inbox-status.ts:24:36 createServerFn().inputValidator() is deprecated. Use createServerFn().validator() instead.
[plugin tanstack-start-core::server-fn:ssr] /private/tmp/repkey-fnd01.INMxZB/source/src/contexts/inbox/server/inbox-status.ts:54:40 createServerFn().inputValidator() is deprecated. Use createServerFn().validator() instead.
[plugin tanstack-start-core::server-fn:ssr] /private/tmp/repkey-fnd01.INMxZB/source/src/contexts/inbox/server/inbox-status.ts:84:36 createServerFn().inputValidator() is deprecated. Use createServerFn().validator() instead.
[plugin tanstack-start-core::server-fn:ssr] /private/tmp/repkey-fnd01.INMxZB/source/src/contexts/inbox/server/inbox-status.ts:111:36 createServerFn().inputValidator() is deprecated. Use createServerFn().validator() instead.
[plugin tanstack-start-core::server-fn:ssr] /private/tmp/repkey-fnd01.INMxZB/source/src/contexts/review/server/reply.ts:17:30 createServerFn().inputValidator() is deprecated. Use createServerFn().validator() instead.
[plugin tanstack-start-core::server-fn:ssr] /private/tmp/repkey-fnd01.INMxZB/source/src/contexts/review/server/reply.ts:44:30 createServerFn().inputValidator() is deprecated. Use createServerFn().validator() instead.
[plugin tanstack-start-core::server-fn:ssr] /private/tmp/repkey-fnd01.INMxZB/source/src/contexts/review/server/reply.ts:69:31 createServerFn().inputValidator() is deprecated. Use createServerFn().validator() instead.
[plugin tanstack-start-core::server-fn:ssr] /private/tmp/repkey-fnd01.INMxZB/source/src/contexts/review/server/reply-draft.ts:17:29 createServerFn().inputValidator() is deprecated. Use createServerFn().validator() instead.
[plugin tanstack-start-core::server-fn:ssr] /private/tmp/repkey-fnd01.INMxZB/source/src/contexts/review/server/reply-draft.ts:52:30 createServerFn().inputValidator() is deprecated. Use createServerFn().validator() instead.
[plugin tanstack-start-core::server-fn:ssr] /private/tmp/repkey-fnd01.INMxZB/source/src/contexts/review/server/reply-draft.ts:76:31 createServerFn().inputValidator() is deprecated. Use createServerFn().validator() instead.
[plugin tanstack-start-core::server-fn:ssr] /private/tmp/repkey-fnd01.INMxZB/source/src/contexts/review/server/reply-draft.ts:103:37 createServerFn().inputValidator() is deprecated. Use createServerFn().validator() instead.
